Dataset,Total_Statements,Number_of_Clusters,Noise_Points,Noise_Percentage,Avg_Cluster_Size,Silhouette_Score,Vector_Dimension,trial,vectorization,sample_size,min_cluster_size_ratio,min_cluster_size,min_samples,min_samples_ratio,tfidf_weight,pca_components,clustering_mode
PersonaChat,981,9,599,61.060142711518864,42.44444444444444,0.4981066805026407,32,1,tfidf,750,0.02,15,15,1.0,,32,separate
SyntheticPersonaChat,1045,14,624,59.71291866028709,30.071428571428573,0.6101180296826153,32,1,tfidf,750,0.02,15,15,1.0,,32,separate
MSC,1898,25,1075,56.63856691253951,32.92,0.4784456405461382,32,1,tfidf,750,0.02,15,15,1.0,,32,separate
PEC,33064,234,17533,53.02746189208807,66.37179487179488,0.5408228623629162,32,1,tfidf,750,0.02,15,15,1.0,,32,separate
FoCus,1270,21,532,41.88976377952756,35.142857142857146,0.6331627240063407,32,1,tfidf,750,0.02,15,15,1.0,,32,separate
MPChat,4177,45,1811,43.35647593966962,52.577777777777776,0.43298269362758285,32,1,tfidf,750,0.02,15,15,1.0,,32,separate
PER-CHAT,26941,97,17082,63.40521881147693,101.63917525773196,0.4934765295898053,32,1,tfidf,750,0.02,15,15,1.0,,32,separate
PersonaChat,981,5,624,63.608562691131496,71.4,0.399282859168062,32,2,hybrid,750,0.04,30,21,0.7,0.9,32,separate
SyntheticPersonaChat,1045,4,740,70.81339712918661,76.25,0.44380016259249677,32,2,hybrid,750,0.04,30,21,0.7,0.9,32,separate
MSC,1898,10,936,49.31506849315068,96.2,0.20833916879976278,32,2,hybrid,750,0.04,30,21,0.7,0.9,32,separate
PEC,33064,90,14459,43.73034115654488,206.72222222222223,0.3236121765118892,32,2,hybrid,750,0.04,30,21,0.7,0.9,32,separate
FoCus,1270,8,614,48.346456692913385,82.0,0.4254822731530848,32,2,hybrid,750,0.04,30,21,0.7,0.9,32,separate
MPChat,4177,32,2034,48.69523581517836,66.96875,0.3566918042537877,32,2,hybrid,750,0.04,30,21,0.7,0.9,32,separate
PER-CHAT,26941,48,17581,65.25741434987566,195.0,0.35590845615377525,32,2,hybrid,750,0.04,30,21,0.7,0.9,32,separate
PersonaChat,981,0,981,100.0,0.0,-1.0,48,3,dense,750,0.1,75,52,0.7,,48,separate
SyntheticPersonaChat,1045,0,1045,100.0,0.0,-1.0,48,3,dense,750,0.1,75,52,0.7,,48,separate
MSC,1898,2,1694,89.2518440463646,102.0,0.18574078381061554,48,3,dense,750,0.1,75,52,0.7,,48,separate
PEC,33064,3,32210,97.41713041374305,284.6666666666667,0.12973275780677795,48,3,dense,750,0.1,75,52,0.7,,48,separate
FoCus,1270,0,1270,100.0,0.0,-1.0,48,3,dense,750,0.1,75,52,0.7,,48,separate
MPChat,4177,2,3825,91.5728992099593,176.0,0.13356514275074005,48,3,dense,750,0.1,75,52,0.7,,48,separate
PER-CHAT,26941,4,24406,90.59054971975799,633.75,0.27253013849258423,48,3,dense,750,0.1,75,52,0.7,,48,separate
PersonaChat,426,7,316,74.17840375586854,15.714285714285714,0.3469546358613737,32,4,hybrid,200,0.05,10,10,1.0,0.7,32,separate
SyntheticPersonaChat,475,9,315,66.3157894736842,17.77777777777778,0.27736211711698905,32,4,hybrid,200,0.05,10,10,1.0,0.7,32,separate
MSC,718,13,461,64.20612813370474,19.76923076923077,0.2596044728805516,32,4,hybrid,200,0.05,10,10,1.0,0.7,32,separate
PEC,11258,53,6305,56.004618937644345,93.45283018867924,0.24455116050647938,32,4,hybrid,200,0.05,10,10,1.0,0.7,32,separate
FoCus,495,9,300,60.60606060606061,21.666666666666668,0.3055539557300627,32,4,hybrid,200,0.05,10,10,1.0,0.7,32,separate
MPChat,1462,31,859,58.755129958960325,19.451612903225808,0.39033518830987735,32,4,hybrid,200,0.05,10,10,1.0,0.7,32,separate
PER-CHAT,8359,36,5944,71.10898432826893,67.08333333333333,0.2969717581605008,32,4,hybrid,200,0.05,10,10,1.0,0.7,32,separate
PersonaChat,426,30,137,32.159624413145536,9.633333333333333,0.053473103102581895,48,5,hybrid,200,0.02,5,2,0.5,0.3,48,separate
SyntheticPersonaChat,475,31,178,37.473684210526315,9.580645161290322,0.051507828417234,48,5,hybrid,200,0.02,5,2,0.5,0.3,48,separate
MSC,718,40,334,46.51810584958218,9.6,0.07140455066482554,48,5,hybrid,200,0.02,5,2,0.5,0.3,48,separate
PEC,11258,284,8024,71.27376088115118,11.387323943661972,0.04456691866385762,48,5,hybrid,200,0.02,5,2,0.5,0.3,48,separate
FoCus,495,25,231,46.666666666666664,10.56,0.037073264777679735,48,5,hybrid,200,0.02,5,2,0.5,0.3,48,separate
MPChat,1462,57,772,52.804377564979475,12.105263157894736,0.03910256995084686,48,5,hybrid,200,0.02,5,2,0.5,0.3,48,separate
PER-CHAT,8359,240,5959,71.28843163057782,10.0,0.037069908527751876,48,5,hybrid,200,0.02,5,2,0.5,0.3,48,separate
PersonaChat,692,32,269,38.872832369942195,13.21875,0.08325100690126419,32,6,dense,400,0.01,5,2,0.5,,32,separate
SyntheticPersonaChat,759,33,413,54.413702239789195,10.484848484848484,0.12107701599597931,32,6,dense,400,0.01,5,2,0.5,,32,separate
MSC,1245,47,766,61.52610441767068,10.191489361702128,0.13274821639060974,32,6,dense,400,0.01,5,2,0.5,,32,separate
PEC,20479,2,2063,10.07373406904634,9208.0,-0.014814920723438263,32,6,dense,400,0.01,5,2,0.5,,32,separate
FoCus,813,36,456,56.08856088560885,9.916666666666666,0.10238927602767944,32,6,dense,400,0.01,5,2,0.5,,32,separate
MPChat,2597,2,110,4.235656526761648,1243.5,0.0002629829687066376,32,6,dense,400,0.01,5,2,0.5,,32,separate
PER-CHAT,15536,2,427,2.748455200823893,7554.5,-0.027277572080492973,32,6,dense,400,0.01,5,2,0.5,,32,separate
PersonaChat,692,11,365,52.74566473988439,29.727272727272727,0.484332218291265,32,7,tfidf,400,0.03,12,6,0.5,,32,separate
SyntheticPersonaChat,759,14,365,48.08959156785244,28.142857142857142,0.5367745903981862,32,7,tfidf,400,0.03,12,6,0.5,,32,separate
MSC,1245,24,672,53.975903614457835,23.875,0.48636301750564953,32,7,tfidf,400,0.03,12,6,0.5,,32,separate
PEC,20479,210,9848,48.0882855608184,50.62380952380953,0.5034968799194716,32,7,tfidf,400,0.03,12,6,0.5,,32,separate
FoCus,813,18,334,41.08241082410824,26.61111111111111,0.5963855287755129,32,7,tfidf,400,0.03,12,6,0.5,,32,separate
MPChat,2597,44,1077,41.47092799383905,34.54545454545455,0.36283983738643744,32,7,tfidf,400,0.03,12,6,0.5,,32,separate
PER-CHAT,15536,93,8615,55.45185375901133,74.41935483870968,0.4664866554271279,32,7,tfidf,400,0.03,12,6,0.5,,32,separate
PersonaChat,426,40,96,22.535211267605636,8.25,0.2850320634732907,48,8,hybrid,200,0.01,5,2,0.5,0.9,48,separate
SyntheticPersonaChat,475,39,98,20.63157894736842,9.666666666666666,0.23230230507204244,48,8,hybrid,200,0.01,5,2,0.5,0.9,48,separate
MSC,718,53,178,24.79108635097493,10.18867924528302,0.15639305911348234,48,8,hybrid,200,0.01,5,2,0.5,0.9,48,separate
PEC,11258,339,3790,33.66494936933736,22.029498525073745,0.19370732236023178,48,8,hybrid,200,0.01,5,2,0.5,0.9,48,separate
FoCus,495,41,75,15.151515151515152,10.24390243902439,0.3748304847340809,48,8,hybrid,200,0.01,5,2,0.5,0.9,48,separate
MPChat,1462,76,503,34.404924760601915,12.618421052631579,0.18443504062654115,48,8,hybrid,200,0.01,5,2,0.5,0.9,48,separate
PER-CHAT,8359,175,4621,55.28173226462495,21.36,0.2423400901166213,48,8,hybrid,200,0.01,5,2,0.5,0.9,48,separate
PersonaChat,786,46,287,36.51399491094148,10.847826086956522,0.642877509388814,16,9,tfidf,500,0.01,5,3,0.7,,16,separate
SyntheticPersonaChat,864,41,334,38.657407407407405,12.926829268292684,0.6962297158847714,16,9,tfidf,500,0.01,5,3,0.7,,16,separate
MSC,1455,59,654,44.948453608247426,13.576271186440678,0.40832207168893264,16,9,tfidf,500,0.01,5,3,0.7,,16,separate
PEC,24320,607,14213,58.44161184210527,16.650741350906095,0.42849177052853354,16,9,tfidf,500,0.01,5,3,0.7,,16,separate
FoCus,950,54,267,28.10526315789474,12.648148148148149,0.7327058735125512,16,9,tfidf,500,0.01,5,3,0.7,,16,separate
MPChat,3015,94,1389,46.069651741293534,17.29787234042553,0.3820746619698094,16,9,tfidf,500,0.01,5,3,0.7,,16,separate
PER-CHAT,19148,424,10193,53.232713599331525,21.120283018867923,0.31817746962611587,16,9,tfidf,500,0.01,5,3,0.7,,16,separate
PersonaChat,981,5,254,25.891946992864423,145.4,0.6591844262150662,16,10,tfidf,750,0.05,37,37,1.0,,16,separate
SyntheticPersonaChat,1045,4,255,24.401913875598087,197.5,0.697513942643284,16,10,tfidf,750,0.05,37,37,1.0,,16,separate
MSC,1898,10,603,31.770284510010537,129.5,0.6166009637205024,16,10,tfidf,750,0.05,37,37,1.0,,16,separate
PEC,33064,82,15222,46.037986934430194,217.58536585365854,0.5564303670168443,16,10,tfidf,750,0.05,37,37,1.0,,16,separate
FoCus,1270,9,614,48.346456692913385,72.88888888888889,0.520752629109659,16,10,tfidf,750,0.05,37,37,1.0,,16,separate
MPChat,4177,20,1868,44.72109169260234,115.45,0.6197794842665706,16,10,tfidf,750,0.05,37,37,1.0,,16,separate
PER-CHAT,26941,41,13814,51.27500835158308,320.1707317073171,0.5486715873474431,16,10,tfidf,750,0.05,37,37,1.0,,16,separate
PersonaChat,786,8,620,78.88040712468194,20.75,0.20709019590067945,16,11,hybrid,500,0.02,10,10,1.0,0.3,16,separate
SyntheticPersonaChat,864,7,694,80.32407407407408,24.285714285714285,0.21923888967112712,16,11,hybrid,500,0.02,10,10,1.0,0.3,16,separate
MSC,1455,6,1287,88.45360824742268,28.0,0.2959977773516548,16,11,hybrid,500,0.02,10,10,1.0,0.3,16,separate
PEC,24320,24,23125,95.08634868421053,49.791666666666664,0.20530827788933273,16,11,hybrid,500,0.02,10,10,1.0,0.3,16,separate
FoCus,950,9,796,83.78947368421052,17.11111111111111,0.24781142361348923,16,11,hybrid,500,0.02,10,10,1.0,0.3,16,separate
MPChat,3015,7,2717,90.11608623548922,42.57142857142857,0.16105318764638227,16,11,hybrid,500,0.02,10,10,1.0,0.3,16,separate
PER-CHAT,19148,20,17658,92.21850846041362,74.5,0.2725746107630391,16,11,hybrid,500,0.02,10,10,1.0,0.3,16,separate
PersonaChat,981,9,484,49.33741080530071,55.22222222222222,0.46053837201557274,48,12,tfidf,750,0.02,15,7,0.5,,48,separate
SyntheticPersonaChat,1045,10,660,63.1578947368421,38.5,0.5260247321572317,48,12,tfidf,750,0.02,15,7,0.5,,48,separate
MSC,1898,31,1019,53.68809272918862,28.35483870967742,0.39381466996789627,48,12,tfidf,750,0.02,15,7,0.5,,48,separate
PEC,33064,307,16955,51.279337043309944,52.472312703583064,0.5161314909800346,48,12,tfidf,750,0.02,15,7,0.5,,48,separate
FoCus,1270,22,542,42.67716535433071,33.09090909090909,0.5193358079174042,48,12,tfidf,750,0.02,15,7,0.5,,48,separate
MPChat,4177,61,1748,41.84821642327029,39.81967213114754,0.35965584929753347,48,12,tfidf,750,0.02,15,7,0.5,,48,separate
PER-CHAT,26941,108,17344,64.37771426450392,88.86111111111111,0.45217132922965486,48,12,tfidf,750,0.02,15,7,0.5,,48,separate
PersonaChat,981,5,559,56.98267074413863,84.4,0.6528191500792224,48,13,tfidf,750,0.04,30,30,1.0,,48,separate
SyntheticPersonaChat,1045,4,609,58.27751196172248,109.0,0.6930847846739941,48,13,tfidf,750,0.04,30,30,1.0,,48,separate
MSC,1898,8,1085,57.165437302423605,101.625,0.5685189073629685,48,13,tfidf,750,0.04,30,30,1.0,,48,separate
PEC,33064,129,13180,39.862085652068714,154.13953488372093,0.55680700489939,48,13,tfidf,750,0.04,30,30,1.0,,48,separate
FoCus,1270,7,605,47.63779527559055,95.0,0.431595936339781,48,13,tfidf,750,0.04,30,30,1.0,,48,separate
MPChat,4177,22,2207,52.836964328465406,89.54545454545455,0.46849287796272276,48,13,tfidf,750,0.04,30,30,1.0,,48,separate
PER-CHAT,26941,56,17703,65.71025574403325,164.96428571428572,0.528458628657346,48,13,tfidf,750,0.04,30,30,1.0,,48,separate
PersonaChat,981,14,425,43.323139653414884,39.714285714285715,0.45626416916663415,16,14,tfidf,750,0.02,15,10,0.7,,16,separate
SyntheticPersonaChat,1045,15,608,58.18181818181818,29.133333333333333,0.7301834266983199,16,14,tfidf,750,0.02,15,10,0.7,,16,separate
MSC,1898,21,1109,58.42992623814541,37.57142857142857,0.5188105453945883,16,14,tfidf,750,0.02,15,10,0.7,,16,separate
PEC,33064,210,19125,57.8423663198645,66.37619047619047,0.5208427993171721,16,14,tfidf,750,0.02,15,10,0.7,,16,separate
FoCus,1270,23,365,28.74015748031496,39.34782608695652,0.6241432838737617,16,14,tfidf,750,0.02,15,10,0.7,,16,separate
MPChat,4177,32,2353,56.33229590615274,57.0,0.4683078679123147,16,14,tfidf,750,0.02,15,10,0.7,,16,separate
PER-CHAT,26941,111,15312,56.83530678148547,104.76576576576576,0.4566689012324681,16,14,tfidf,750,0.02,15,10,0.7,,16,separate
PersonaChat,981,9,544,55.45361875637105,48.55555555555556,0.4937206045276495,16,15,tfidf,750,0.03,22,15,0.7,,16,separate
SyntheticPersonaChat,1045,9,601,57.51196172248804,49.333333333333336,0.6063860151984737,16,15,tfidf,750,0.03,22,15,0.7,,16,separate
MSC,1898,16,1146,60.37934668071654,47.0,0.4768682459025596,16,15,tfidf,750,0.03,22,15,0.7,,16,separate
PEC,33064,147,18880,57.10137914347931,96.48979591836735,0.516574928801007,16,15,tfidf,750,0.03,22,15,0.7,,16,separate
FoCus,1270,18,480,37.79527559055118,43.888888888888886,0.6469034183462038,16,15,tfidf,750,0.03,22,15,0.7,,16,separate
MPChat,4177,25,1403,33.588700023940625,110.96,0.5195580475012207,16,15,tfidf,750,0.03,22,15,0.7,,16,separate
PER-CHAT,26941,79,15194,56.397312646152706,148.69620253164558,0.46063618709834236,16,15,tfidf,750,0.03,22,15,0.7,,16,separate
PersonaChat,981,2,771,78.59327217125383,105.0,0.23670290410518646,16,16,dense,750,0.04,30,30,1.0,,16,separate
SyntheticPersonaChat,1045,2,877,83.92344497607655,84.0,0.3339495360851288,16,16,dense,750,0.04,30,30,1.0,,16,separate
MSC,1898,2,1465,77.18651211801897,216.5,0.22235463559627533,16,16,dense,750,0.04,30,30,1.0,,16,separate
PEC,33064,5,32077,97.0148802322768,197.4,0.2673693001270294,16,16,dense,750,0.04,30,30,1.0,,16,separate
FoCus,1270,3,984,77.48031496062993,95.33333333333333,0.268468976020813,16,16,dense,750,0.04,30,30,1.0,,16,separate
MPChat,4177,4,3729,89.27459899449366,112.0,0.29904407262802124,16,16,dense,750,0.04,30,30,1.0,,16,separate
PER-CHAT,26941,7,23497,87.21651015181322,492.0,0.3243292272090912,16,16,dense,750,0.04,30,30,1.0,,16,separate
PersonaChat,426,2,306,71.83098591549296,60.0,0.19445918500423431,16,17,dense,200,0.1,20,14,0.7,,16,separate
SyntheticPersonaChat,475,2,343,72.21052631578947,66.0,0.23153311014175415,16,17,dense,200,0.1,20,14,0.7,,16,separate
MSC,718,2,471,65.59888579387186,123.5,0.17296762764453888,16,17,dense,200,0.1,20,14,0.7,,16,separate
PEC,11258,4,10591,94.07532421389234,166.75,0.17051999270915985,16,17,dense,200,0.1,20,14,0.7,,16,separate
FoCus,495,2,323,65.25252525252525,86.0,0.22203423082828522,16,17,dense,200,0.1,20,14,0.7,,16,separate
MPChat,1462,3,1225,83.78932968536252,79.0,0.323780357837677,16,17,dense,200,0.1,20,14,0.7,,16,separate
PER-CHAT,8359,6,6865,82.1270486900347,249.0,0.34380510449409485,16,17,dense,200,0.1,20,14,0.7,,16,separate
PersonaChat,692,2,557,80.49132947976878,67.5,0.16817884147167206,32,18,dense,400,0.05,20,20,1.0,,32,separate
SyntheticPersonaChat,759,2,634,83.53096179183136,62.5,0.23920778930187225,32,18,dense,400,0.05,20,20,1.0,,32,separate
MSC,1245,3,1042,83.69477911646587,67.66666666666667,0.21840769052505493,32,18,dense,400,0.05,20,20,1.0,,32,separate
PEC,20479,2,19064,93.090482933737,707.5,0.10673379898071289,32,18,dense,400,0.05,20,20,1.0,,32,separate
FoCus,813,2,674,82.90282902829028,69.5,0.19600872695446014,32,18,dense,400,0.05,20,20,1.0,,32,separate
MPChat,2597,5,2265,87.21601848286484,66.4,0.22607764601707458,32,18,dense,400,0.05,20,20,1.0,,32,separate
PER-CHAT,15536,5,13323,85.75566426364573,442.6,0.29893916845321655,32,18,dense,400,0.05,20,20,1.0,,32,separate
PersonaChat,426,12,237,55.633802816901415,15.75,0.2169088509049914,32,19,hybrid,200,0.04,8,8,1.0,0.7,32,separate
SyntheticPersonaChat,475,14,266,56.00000000000001,14.928571428571429,0.26829333667074645,32,19,hybrid,200,0.04,8,8,1.0,0.7,32,separate
MSC,718,23,420,58.495821727019504,12.956521739130435,0.36084550750245686,32,19,hybrid,200,0.04,8,8,1.0,0.7,32,separate
PEC,11258,59,6074,53.952744714869425,87.86440677966101,0.22036783751956376,32,19,hybrid,200,0.04,8,8,1.0,0.7,32,separate
FoCus,495,13,250,50.505050505050505,18.846153846153847,0.2865447013517936,32,19,hybrid,200,0.04,8,8,1.0,0.7,32,separate
MPChat,1462,32,851,58.20793433652531,19.09375,0.3500849709189991,32,19,hybrid,200,0.04,8,8,1.0,0.7,32,separate
PER-CHAT,8359,37,5969,71.40806316545041,64.5945945945946,0.30511582016294053,32,19,hybrid,200,0.04,8,8,1.0,0.7,32,separate
PersonaChat,692,0,692,100.0,0.0,-1.0,48,20,dense,400,0.1,40,40,1.0,,48,separate
SyntheticPersonaChat,759,0,759,100.0,0.0,-1.0,48,20,dense,400,0.1,40,40,1.0,,48,separate
MSC,1245,2,1130,90.76305220883533,57.5,0.19598086178302765,48,20,dense,400,0.1,40,40,1.0,,48,separate
PEC,20479,2,19718,96.28399824210166,380.5,0.11892841756343842,48,20,dense,400,0.1,40,40,1.0,,48,separate
FoCus,813,0,813,100.0,0.0,-1.0,48,20,dense,400,0.1,40,40,1.0,,48,separate
MPChat,2597,2,2326,89.5648825567963,135.5,0.142672598361969,48,20,dense,400,0.1,40,40,1.0,,48,separate
PER-CHAT,15536,4,13872,89.28939237899073,416.0,0.29062914848327637,48,20,dense,400,0.1,40,40,1.0,,48,separate
PersonaChat,574,6,338,58.88501742160279,39.333333333333336,0.4554992457698281,48,21,tfidf,300,0.05,15,10,0.7,,48,separate
SyntheticPersonaChat,631,7,320,50.71315372424723,44.42857142857143,0.42577495505781743,48,21,tfidf,300,0.05,15,10,0.7,,48,separate
MSC,976,10,461,47.23360655737705,51.5,0.4024819142038558,48,21,tfidf,300,0.05,15,10,0.7,,48,separate
PEC,15829,141,6848,43.262366542422136,63.695035460992905,0.49839434030947066,48,21,tfidf,300,0.05,15,10,0.7,,48,separate
FoCus,676,9,265,39.201183431952664,45.666666666666664,0.39882268487117967,48,21,tfidf,300,0.05,15,10,0.7,,48,separate
MPChat,1903,30,1015,53.336836573830794,29.6,0.32551235002533896,48,21,tfidf,300,0.05,15,10,0.7,,48,separate
PER-CHAT,12212,55,7547,61.799868981329844,84.81818181818181,0.5292366916608384,48,21,tfidf,300,0.05,15,10,0.7,,48,separate
PersonaChat,786,4,606,77.09923664122137,45.0,0.16379784047603607,32,22,dense,500,0.03,15,10,0.7,,32,separate
SyntheticPersonaChat,864,4,717,82.98611111111111,36.75,0.1910720020532608,32,22,dense,500,0.03,15,10,0.7,,32,separate
MSC,1455,4,1283,88.1786941580756,43.0,0.2288302779197693,32,22,dense,500,0.03,15,10,0.7,,32,separate
PEC,24320,12,23405,96.23766447368422,76.25,0.16758319735527039,32,22,dense,500,0.03,15,10,0.7,,32,separate
FoCus,950,4,659,69.36842105263158,72.75,0.14445637166500092,32,22,dense,500,0.03,15,10,0.7,,32,separate
MPChat,3015,7,2616,86.76616915422886,57.0,0.1845550537109375,32,22,dense,500,0.03,15,10,0.7,,32,separate
PER-CHAT,19148,8,16711,87.27282222686442,304.625,0.26422786712646484,32,22,dense,500,0.03,15,10,0.7,,32,separate
PersonaChat,692,2,393,56.79190751445087,149.5,0.6504729516771265,32,23,tfidf,400,0.1,40,40,1.0,,32,separate
SyntheticPersonaChat,759,2,350,46.113306982872196,204.5,0.63080938022076,32,23,tfidf,400,0.1,40,40,1.0,,32,separate
MSC,1245,3,605,48.59437751004016,213.33333333333334,0.5401064419136478,32,23,tfidf,400,0.1,40,40,1.0,,32,separate
PEC,20479,70,6375,31.129449680160164,201.4857142857143,0.5097604263811657,32,23,tfidf,400,0.1,40,40,1.0,,32,separate
FoCus,813,5,345,42.435424354243544,93.6,0.4642784080941019,32,23,tfidf,400,0.1,40,40,1.0,,32,separate
MPChat,2597,10,1600,61.60954948016942,99.7,0.5747700981064999,32,23,tfidf,400,0.1,40,40,1.0,,32,separate
PER-CHAT,15536,33,9063,58.3354788877446,196.15151515151516,0.5692516993884559,32,23,tfidf,400,0.1,40,40,1.0,,32,separate
PersonaChat,786,2,599,76.20865139949109,93.5,0.1542823314666748,32,24,dense,500,0.05,25,12,0.5,,32,separate
SyntheticPersonaChat,864,2,687,79.51388888888889,88.5,0.2059626579284668,32,24,dense,500,0.05,25,12,0.5,,32,separate
MSC,1455,3,1312,90.17182130584193,47.666666666666664,0.1625666618347168,32,24,dense,500,0.05,25,12,0.5,,32,separate
PEC,24320,7,23306,95.83059210526315,144.85714285714286,0.14508360624313354,32,24,dense,500,0.05,25,12,0.5,,32,separate
FoCus,950,4,710,74.73684210526315,60.0,0.1664828658103943,32,24,dense,500,0.05,25,12,0.5,,32,separate
MPChat,3015,5,2672,88.62354892205639,68.6,0.24230188131332397,32,24,dense,500,0.05,25,12,0.5,,32,separate
PER-CHAT,19148,7,16477,86.05076248172134,381.57142857142856,0.24687589704990387,32,24,dense,500,0.05,25,12,0.5,,32,separate
PersonaChat,426,2,367,86.15023474178403,29.5,0.0984937478219764,48,25,hybrid,200,0.05,10,10,1.0,0.5,48,separate
SyntheticPersonaChat,475,2,433,91.15789473684211,21.0,0.17928630554806702,48,25,hybrid,200,0.05,10,10,1.0,0.5,48,separate
MSC,718,5,625,87.04735376044567,18.6,0.12723054917534782,48,25,hybrid,200,0.05,10,10,1.0,0.5,48,separate
PEC,11258,49,8327,73.96518031621959,59.816326530612244,0.30046978999616236,48,25,hybrid,200,0.05,10,10,1.0,0.5,48,separate
FoCus,495,2,391,78.98989898989899,52.0,-0.02115724098435465,48,25,hybrid,200,0.05,10,10,1.0,0.5,48,separate
MPChat,1462,17,1167,79.82216142270862,17.352941176470587,0.16981333375623295,48,25,hybrid,200,0.05,10,10,1.0,0.5,48,separate
PER-CHAT,8359,33,7413,88.68285680105275,28.666666666666668,0.1363533177951956,48,25,hybrid,200,0.05,10,10,1.0,0.5,48,separate
PersonaChat,786,7,503,63.99491094147582,40.42857142857143,0.5545992879962457,32,26,tfidf,500,0.04,20,14,0.7,,32,separate
SyntheticPersonaChat,864,6,347,40.16203703703704,86.16666666666667,0.6118589604489771,32,26,tfidf,500,0.04,20,14,0.7,,32,separate
MSC,1455,12,662,45.49828178694158,66.08333333333333,0.5221710095340577,32,26,tfidf,500,0.04,20,14,0.7,,32,separate
PEC,24320,141,10351,42.561677631578945,99.0709219858156,0.5201328303220327,32,26,tfidf,500,0.04,20,14,0.7,,32,separate
FoCus,950,12,344,36.21052631578948,50.5,0.6051445398625249,32,26,tfidf,500,0.04,20,14,0.7,,32,separate
MPChat,3015,32,1314,43.582089552238806,53.15625,0.4813358678667838,32,26,tfidf,500,0.04,20,14,0.7,,32,separate
PER-CHAT,19148,54,11391,59.489241696260706,143.64814814814815,0.5041736730605976,32,26,tfidf,500,0.04,20,14,0.7,,32,separate
PersonaChat,692,22,288,41.61849710982659,18.363636363636363,0.5994020306214496,16,27,tfidf,400,0.02,8,5,0.7,,16,separate
SyntheticPersonaChat,759,25,307,40.44795783926219,18.08,0.652365391168063,16,27,tfidf,400,0.02,8,5,0.7,,16,separate
MSC,1245,29,627,50.36144578313253,21.310344827586206,0.5200864875684043,16,27,tfidf,400,0.02,8,5,0.7,,16,separate
PEC,20479,274,13179,64.35372820938522,26.642335766423358,0.5198121897719415,16,27,tfidf,400,0.02,8,5,0.7,,16,separate
FoCus,813,25,221,27.183271832718326,23.68,0.6643629001783713,16,27,tfidf,400,0.02,8,5,0.7,,16,separate
MPChat,2597,43,1443,55.5641124374278,26.837209302325583,0.44147328369869787,16,27,tfidf,400,0.02,8,5,0.7,,16,separate
PER-CHAT,15536,154,7423,47.779351184346034,52.68181818181818,0.3949211117961318,16,27,tfidf,400,0.02,8,5,0.7,,16,separate
PersonaChat,692,2,620,89.59537572254335,36.0,0.11078305215355717,48,28,hybrid,400,0.04,16,16,1.0,0.5,48,separate
SyntheticPersonaChat,759,0,759,100.0,0.0,-1.0,48,28,hybrid,400,0.04,16,16,1.0,0.5,48,separate
MSC,1245,4,1116,89.63855421686748,32.25,0.09028875689460296,48,28,hybrid,400,0.04,16,16,1.0,0.5,48,separate
PEC,20479,50,16079,78.51457590702671,88.0,0.31390210443649147,48,28,hybrid,400,0.04,16,16,1.0,0.5,48,separate
FoCus,813,3,708,87.08487084870849,35.0,0.1630158643936069,48,28,hybrid,400,0.04,16,16,1.0,0.5,48,separate
MPChat,2597,8,2349,90.45051983057374,31.0,0.22068968023804478,48,28,hybrid,400,0.04,16,16,1.0,0.5,48,separate
PER-CHAT,15536,31,13775,88.66503604531411,56.806451612903224,0.20447227647611407,48,28,hybrid,400,0.04,16,16,1.0,0.5,48,separate
PersonaChat,426,2,347,81.45539906103286,39.5,0.11503289867831656,16,29,hybrid,200,0.1,20,10,0.5,0.3,16,separate
SyntheticPersonaChat,475,0,475,100.0,0.0,-1.0,16,29,hybrid,200,0.1,20,10,0.5,0.3,16,separate
MSC,718,2,481,66.991643454039,118.5,0.09068719915147515,16,29,hybrid,200,0.1,20,10,0.5,0.3,16,separate
PEC,11258,2,9443,83.87813110676852,907.5,0.18227434746657242,16,29,hybrid,200,0.1,20,10,0.5,0.3,16,separate
FoCus,495,2,410,82.82828282828282,42.5,0.09832352014575099,16,29,hybrid,200,0.1,20,10,0.5,0.3,16,separate
MPChat,1462,5,1221,83.515731874145,48.2,0.19596451613910584,16,29,hybrid,200,0.1,20,10,0.5,0.3,16,separate
PER-CHAT,8359,8,7520,89.96291422418949,104.875,0.2450782051395314,16,29,hybrid,200,0.1,20,10,0.5,0.3,16,separate
PersonaChat,426,12,180,42.25352112676056,20.5,0.3964774841062605,48,30,tfidf,200,0.05,10,5,0.5,,48,separate
SyntheticPersonaChat,475,10,161,33.89473684210526,31.4,0.007878673707979627,48,30,tfidf,200,0.05,10,5,0.5,,48,separate
MSC,718,16,255,35.515320334261844,28.9375,0.333481849553949,48,30,tfidf,200,0.05,10,5,0.5,,48,separate
PEC,11258,176,5810,51.607745603126666,30.954545454545453,0.46359461204379565,48,30,tfidf,200,0.05,10,5,0.5,,48,separate
FoCus,495,11,204,41.21212121212121,26.454545454545453,0.411565076886562,48,30,tfidf,200,0.05,10,5,0.5,,48,separate
MPChat,1462,43,590,40.355677154582764,20.27906976744186,0.2670147360697078,48,30,tfidf,200,0.05,10,5,0.5,,48,separate
PER-CHAT,8359,60,5057,60.49766718506998,55.03333333333333,0.4977463569359319,48,30,tfidf,200,0.05,10,5,0.5,,48,separate
PersonaChat,692,6,387,55.92485549132948,50.833333333333336,0.4356292481285341,48,31,tfidf,400,0.05,20,10,0.5,,48,separate
SyntheticPersonaChat,759,6,380,50.06587615283268,63.166666666666664,0.3973763740261574,48,31,tfidf,400,0.05,20,10,0.5,,48,separate
MSC,1245,9,629,50.52208835341365,68.44444444444444,0.43500368431906244,48,31,tfidf,400,0.05,20,10,0.5,,48,separate
PEC,20479,142,8374,40.89066848967235,85.24647887323944,0.48001811475201306,48,31,tfidf,400,0.05,20,10,0.5,,48,separate
FoCus,813,9,316,38.86838868388684,55.22222222222222,0.37116410651500636,48,31,tfidf,400,0.05,20,10,0.5,,48,separate
MPChat,2597,30,1222,47.0542934154794,45.833333333333336,0.31515020283024686,48,31,tfidf,400,0.05,20,10,0.5,,48,separate
PER-CHAT,15536,54,9765,62.854016477857876,106.87037037037037,0.5162861917338408,48,31,tfidf,400,0.05,20,10,0.5,,48,separate
PersonaChat,981,2,830,84.60754332313965,75.5,0.1046053344782103,48,32,hybrid,750,0.05,37,25,0.7,0.7,48,separate
SyntheticPersonaChat,1045,2,922,88.22966507177034,61.5,0.28953856139829676,48,32,hybrid,750,0.05,37,25,0.7,0.7,48,separate
MSC,1898,4,1584,83.45626975763962,78.5,0.13963049794724242,48,32,hybrid,750,0.05,37,25,0.7,0.7,48,separate
PEC,33064,55,18338,55.46213404306799,267.74545454545455,0.36894877922113256,48,32,hybrid,750,0.05,37,25,0.7,0.7,48,separate
FoCus,1270,4,955,75.19685039370079,78.75,0.214361494033873,48,32,hybrid,750,0.05,37,25,0.7,0.7,48,separate
MPChat,4177,20,3045,72.89920995930093,56.6,0.2382891731191855,48,32,hybrid,750,0.05,37,25,0.7,0.7,48,separate
PER-CHAT,26941,49,20808,77.23544040681489,125.16326530612245,0.3024645346344223,48,32,hybrid,750,0.05,37,25,0.7,0.7,48,separate
PersonaChat,786,9,516,65.64885496183206,30.0,0.08732347369094572,32,33,hybrid,500,0.03,15,7,0.5,0.5,32,separate
SyntheticPersonaChat,864,2,457,52.893518518518526,203.5,0.09972187384336573,32,33,hybrid,500,0.03,15,7,0.5,0.5,32,separate
MSC,1455,10,1023,70.30927835051546,43.2,-0.016007476873836527,32,33,hybrid,500,0.03,15,7,0.5,0.5,32,separate
PEC,24320,41,18727,77.00246710526316,136.41463414634146,0.23022964634977927,32,33,hybrid,500,0.03,15,7,0.5,0.5,32,separate
FoCus,950,8,586,61.68421052631579,45.5,0.07553079261420743,32,33,hybrid,500,0.03,15,7,0.5,0.5,32,separate
MPChat,3015,22,2353,78.04311774461029,30.09090909090909,0.18224479778578564,32,33,hybrid,500,0.03,15,7,0.5,0.5,32,separate
PER-CHAT,19148,34,16613,86.76101942761646,74.55882352941177,0.25256724876383685,32,33,hybrid,500,0.03,15,7,0.5,0.5,32,separate
PersonaChat,981,0,981,100.0,0.0,-1.0,32,34,hybrid,750,0.1,75,37,0.5,0.3,32,separate
SyntheticPersonaChat,1045,0,1045,100.0,0.0,-1.0,32,34,hybrid,750,0.1,75,37,0.5,0.3,32,separate
MSC,1898,0,1898,100.0,0.0,-1.0,32,34,hybrid,750,0.1,75,37,0.5,0.3,32,separate
PEC,33064,2,31848,96.32228405516574,608.0,0.09657877284895336,32,34,hybrid,750,0.1,75,37,0.5,0.3,32,separate
FoCus,1270,0,1270,100.0,0.0,-1.0,32,34,hybrid,750,0.1,75,37,0.5,0.3,32,separate
MPChat,4177,0,4177,100.0,0.0,-1.0,32,34,hybrid,750,0.1,75,37,0.5,0.3,32,separate
PER-CHAT,26941,3,25427,94.38031253479826,504.6666666666667,0.23375411356513046,32,34,hybrid,750,0.1,75,37,0.5,0.3,32,separate
PersonaChat,981,4,848,86.44240570846075,33.25,0.32555816575243746,16,35,hybrid,750,0.03,22,22,1.0,0.5,16,separate
SyntheticPersonaChat,1045,3,872,83.44497607655502,57.666666666666664,0.2777797418653193,16,35,hybrid,750,0.03,22,22,1.0,0.5,16,separate
MSC,1898,8,1594,83.9831401475237,38.0,0.3699091145907681,16,35,hybrid,750,0.03,22,22,1.0,0.5,16,separate
PEC,33064,19,26791,81.02770384708444,330.1578947368421,0.295771474795522,16,35,hybrid,750,0.03,22,22,1.0,0.5,16,separate
FoCus,1270,9,897,70.62992125984252,41.44444444444444,0.31514400299475476,16,35,hybrid,750,0.03,22,22,1.0,0.5,16,separate
MPChat,4177,15,3407,81.56571702178597,51.333333333333336,0.2760376673775731,16,35,hybrid,750,0.03,22,22,1.0,0.5,16,separate
PER-CHAT,26941,17,23695,87.95144946364277,190.94117647058823,0.36527332727746525,16,35,hybrid,750,0.03,22,22,1.0,0.5,16,separate
PersonaChat,692,14,378,54.6242774566474,22.428571428571427,0.17821229543495876,32,36,hybrid,400,0.03,12,6,0.5,0.7,32,separate
SyntheticPersonaChat,759,18,391,51.515151515151516,20.444444444444443,0.23054959543814754,32,36,hybrid,400,0.03,12,6,0.5,0.7,32,separate
MSC,1245,27,647,51.967871485943775,22.14814814814815,0.31595898023464775,32,36,hybrid,400,0.03,12,6,0.5,0.7,32,separate
PEC,20479,72,11724,57.24888910591337,121.59722222222223,0.23221792012817713,32,36,hybrid,400,0.03,12,6,0.5,0.7,32,separate
FoCus,813,17,322,39.606396063960645,28.88235294117647,0.23880948804789254,32,36,hybrid,400,0.03,12,6,0.5,0.7,32,separate
MPChat,2597,35,1480,56.98883326915672,31.914285714285715,0.29887639935295207,32,36,hybrid,400,0.03,12,6,0.5,0.7,32,separate
PER-CHAT,15536,43,10783,69.40653964984553,110.53488372093024,0.2953767523760391,32,36,hybrid,400,0.03,12,6,0.5,0.7,32,separate
PersonaChat,786,2,612,77.86259541984732,87.0,0.15900379419326782,32,37,dense,500,0.04,20,14,0.7,,32,separate
SyntheticPersonaChat,864,2,731,84.60648148148148,66.5,0.23227155208587646,32,37,dense,500,0.04,20,14,0.7,,32,separate
MSC,1455,3,1292,88.79725085910653,54.333333333333336,0.23236152529716492,32,37,dense,500,0.04,20,14,0.7,,32,separate
PEC,24320,6,23307,95.83470394736841,168.83333333333334,0.14381451904773712,32,37,dense,500,0.04,20,14,0.7,,32,separate
FoCus,950,3,756,79.57894736842105,64.66666666666667,0.17975875735282898,32,37,dense,500,0.04,20,14,0.7,,32,separate
MPChat,3015,6,2657,88.12603648424545,59.666666666666664,0.23709788918495178,32,37,dense,500,0.04,20,14,0.7,,32,separate
PER-CHAT,19148,7,16527,86.31188635888866,374.42857142857144,0.2539120316505432,32,37,dense,500,0.04,20,14,0.7,,32,separate
PersonaChat,426,36,118,27.699530516431924,8.555555555555555,0.16774828357794724,48,38,hybrid,200,0.01,5,3,0.7,0.7,48,separate
SyntheticPersonaChat,475,36,169,35.578947368421055,8.5,0.3080834664282795,48,38,hybrid,200,0.01,5,3,0.7,0.7,48,separate
MSC,718,45,266,37.04735376044568,10.044444444444444,0.20930582932925937,48,38,hybrid,200,0.01,5,3,0.7,0.7,48,separate
PEC,11258,187,5617,49.89340913128442,30.165775401069517,0.16871657260170617,48,38,hybrid,200,0.01,5,3,0.7,0.7,48,separate
FoCus,495,38,131,26.464646464646464,9.578947368421053,0.27514534249701433,48,38,hybrid,200,0.01,5,3,0.7,0.7,48,separate
MPChat,1462,59,689,47.127222982216146,13.101694915254237,0.2023821623181351,48,38,hybrid,200,0.01,5,3,0.7,0.7,48,separate
PER-CHAT,8359,85,5800,69.3862902261036,30.105882352941176,0.1448966588861315,48,38,hybrid,200,0.01,5,3,0.7,0.7,48,separate
PersonaChat,786,0,786,100.0,0.0,-1.0,48,39,hybrid,500,0.05,25,17,0.7,0.5,48,separate
SyntheticPersonaChat,864,2,778,90.04629629629629,43.0,0.1317927384327109,48,39,hybrid,500,0.05,25,17,0.7,0.5,48,separate
MSC,1455,2,1220,83.8487972508591,117.5,0.0546833245562003,48,39,hybrid,500,0.05,25,17,0.7,0.5,48,separate
PEC,24320,49,18911,77.75904605263158,110.38775510204081,0.31503010654025887,48,39,hybrid,500,0.05,25,17,0.7,0.5,48,separate
FoCus,950,2,887,93.36842105263158,31.5,0.26573360497886533,48,39,hybrid,500,0.05,25,17,0.7,0.5,48,separate
MPChat,3015,4,2700,89.55223880597015,78.75,0.10524464030357254,48,39,hybrid,500,0.05,25,17,0.7,0.5,48,separate
PER-CHAT,19148,26,17277,90.22874451639858,71.96153846153847,0.20309130070307255,48,39,hybrid,500,0.05,25,17,0.7,0.5,48,separate
PersonaChat,981,0,981,100.0,0.0,-1.0,32,40,dense,750,0.04,30,30,1.0,,32,separate
SyntheticPersonaChat,1045,0,1045,100.0,0.0,-1.0,32,40,dense,750,0.04,30,30,1.0,,32,separate
MSC,1898,2,1523,80.24236037934668,187.5,0.17112381756305695,32,40,dense,750,0.04,30,30,1.0,,32,separate
PEC,33064,2,31147,94.2021533994677,958.5,0.11501995474100113,32,40,dense,750,0.04,30,30,1.0,,32,separate
FoCus,1270,2,1102,86.77165354330708,84.0,0.19657312333583832,32,40,dense,750,0.04,30,30,1.0,,32,separate
MPChat,4177,4,3750,89.77735216662677,106.75,0.21496109664440155,32,40,dense,750,0.04,30,30,1.0,,32,separate
PER-CHAT,26941,6,24141,89.60691882261239,466.6666666666667,0.2959849238395691,32,40,dense,750,0.04,30,30,1.0,,32,separate
PersonaChat,426,2,314,73.70892018779342,56.0,0.8057409196025717,48,41,tfidf,200,0.1,20,20,1.0,,48,separate
SyntheticPersonaChat,475,4,271,57.05263157894736,51.0,0.7326436078737856,48,41,tfidf,200,0.1,20,20,1.0,,48,separate
MSC,718,4,436,60.724233983286915,70.5,0.5508956341114424,48,41,tfidf,200,0.1,20,20,1.0,,48,separate
PEC,11258,83,3597,31.950612897495112,92.3012048192771,0.5111661514504592,48,41,tfidf,200,0.1,20,20,1.0,,48,separate
FoCus,495,5,261,52.72727272727272,46.8,0.5090616308073598,48,41,tfidf,200,0.1,20,20,1.0,,48,separate
MPChat,1462,6,1117,76.40218878248974,57.5,0.4012597665564929,48,41,tfidf,200,0.1,20,20,1.0,,48,separate
PER-CHAT,8359,36,5416,64.79243928699606,81.75,0.5690290281924993,48,41,tfidf,200,0.1,20,20,1.0,,48,separate
PersonaChat,786,13,576,73.2824427480916,16.153846153846153,0.13666905462741852,48,42,dense,500,0.01,5,5,1.0,,48,separate
SyntheticPersonaChat,864,14,662,76.62037037037037,14.428571428571429,0.15094836056232452,48,42,dense,500,0.01,5,5,1.0,,48,separate
MSC,1455,13,1163,79.93127147766323,22.46153846153846,0.10480158030986786,48,42,dense,500,0.01,5,5,1.0,,48,separate
PEC,24320,7,18971,78.00575657894737,764.1428571428571,-0.08602331578731537,48,42,dense,500,0.01,5,5,1.0,,48,separate
FoCus,950,12,763,80.3157894736842,15.583333333333334,0.11883608251810074,48,42,dense,500,0.01,5,5,1.0,,48,separate
MPChat,3015,14,2577,85.4726368159204,31.285714285714285,0.11062780767679214,48,42,dense,500,0.01,5,5,1.0,,48,separate
PER-CHAT,19148,46,16534,86.34844370169208,56.82608695652174,0.17960405349731445,48,42,dense,500,0.01,5,5,1.0,,48,separate
PersonaChat,981,5,584,59.53109072375128,79.4,0.3013652326773601,32,43,hybrid,750,0.05,37,18,0.5,0.9,32,separate
SyntheticPersonaChat,1045,5,717,68.61244019138756,65.6,0.39779973974977195,32,43,hybrid,750,0.05,37,18,0.5,0.9,32,separate
MSC,1898,12,942,49.63119072708114,79.66666666666667,0.2862782418195673,32,43,hybrid,750,0.05,37,18,0.5,0.9,32,separate
PEC,33064,77,14066,42.54173723687394,246.72727272727272,0.34495675303844625,32,43,hybrid,750,0.05,37,18,0.5,0.9,32,separate
FoCus,1270,7,630,49.60629921259843,91.42857142857143,0.4199790039392779,32,43,hybrid,750,0.05,37,18,0.5,0.9,32,separate
MPChat,4177,29,2181,52.21450802011013,68.82758620689656,0.3112148923693692,32,43,hybrid,750,0.05,37,18,0.5,0.9,32,separate
PER-CHAT,26941,46,16123,59.84558850822167,235.17391304347825,0.377931696126566,32,43,hybrid,750,0.05,37,18,0.5,0.9,32,separate
PersonaChat,786,15,315,40.0763358778626,31.4,0.43202964805388694,16,44,tfidf,500,0.03,15,7,0.5,,16,separate
SyntheticPersonaChat,864,13,434,50.231481481481474,33.07692307692308,0.6445950899309184,16,44,tfidf,500,0.03,15,7,0.5,,16,separate
MSC,1455,19,780,53.608247422680414,35.526315789473685,0.5085417146978234,16,44,tfidf,500,0.03,15,7,0.5,,16,separate
PEC,24320,163,13773,56.63240131578947,64.70552147239263,0.492977216370355,16,44,tfidf,500,0.03,15,7,0.5,,16,separate
FoCus,950,20,310,32.631578947368425,32.0,0.6560796877016728,16,44,tfidf,500,0.03,15,7,0.5,,16,separate
MPChat,3015,29,1129,37.44610281923715,65.03448275862068,0.43870283442293506,16,44,tfidf,500,0.03,15,7,0.5,,16,separate
PER-CHAT,19148,96,9796,51.15939001462294,97.41666666666667,0.4461232690388639,16,44,tfidf,500,0.03,15,7,0.5,,16,separate
PersonaChat,426,26,170,39.906103286384976,9.846153846153847,0.12602458894252777,32,45,dense,200,0.01,5,2,0.5,,32,separate
SyntheticPersonaChat,475,21,241,50.73684210526316,11.142857142857142,0.14777028560638428,32,45,dense,200,0.01,5,2,0.5,,32,separate
MSC,718,28,308,42.89693593314763,14.642857142857142,0.07558918744325638,32,45,dense,200,0.01,5,2,0.5,,32,separate
PEC,11258,285,8601,76.39900515189198,9.322807017543859,0.07257401943206787,32,45,dense,200,0.01,5,2,0.5,,32,separate
FoCus,495,25,222,44.84848484848485,10.92,0.10007062554359436,32,45,dense,200,0.01,5,2,0.5,,32,separate
MPChat,1462,2,135,9.233926128590971,663.5,-0.01904037781059742,32,45,dense,200,0.01,5,2,0.5,,32,separate
PER-CHAT,8359,213,6087,72.81971527694701,10.666666666666666,0.0831068903207779,32,45,dense,200,0.01,5,2,0.5,,32,separate
PersonaChat,786,2,364,46.31043256997455,211.0,0.48422393164515537,32,46,tfidf,500,0.1,50,35,0.7,,32,separate
SyntheticPersonaChat,864,2,391,45.254629629629626,236.5,0.5560197225878192,32,46,tfidf,500,0.1,50,35,0.7,,32,separate
MSC,1455,4,715,49.140893470790374,185.0,0.5328596727785486,32,46,tfidf,500,0.1,50,35,0.7,,32,separate
PEC,24320,69,6194,25.46875,262.69565217391306,0.506042521406762,32,46,tfidf,500,0.1,50,35,0.7,,32,separate
FoCus,950,5,375,39.473684210526315,115.0,0.43899395244337197,32,46,tfidf,500,0.1,50,35,0.7,,32,separate
MPChat,3015,11,1625,53.8971807628524,126.36363636363636,0.47682596750452183,32,46,tfidf,500,0.1,50,35,0.7,,32,separate
PER-CHAT,19148,36,10963,57.25402130770838,227.36111111111111,0.5604455700639294,32,46,tfidf,500,0.1,50,35,0.7,,32,separate
PersonaChat,692,7,400,57.80346820809249,41.714285714285715,0.5173695770122616,48,47,tfidf,400,0.05,20,14,0.7,,48,separate
SyntheticPersonaChat,759,6,406,53.49143610013175,58.833333333333336,0.5043393143225882,48,47,tfidf,400,0.05,20,14,0.7,,48,separate
MSC,1245,9,670,53.81526104417671,63.888888888888886,0.4664310223758386,48,47,tfidf,400,0.05,20,14,0.7,,48,separate
PEC,20479,134,7762,37.90224132037697,94.90298507462687,0.49722093070054585,48,47,tfidf,400,0.05,20,14,0.7,,48,separate
FoCus,813,8,372,45.75645756457565,55.125,0.4090095703771089,48,47,tfidf,400,0.05,20,14,0.7,,48,separate
MPChat,2597,29,1193,45.93762033115133,48.41379310344828,0.35126832580197453,48,47,tfidf,400,0.05,20,14,0.7,,48,separate
PER-CHAT,15536,53,10008,64.41812564366633,104.30188679245283,0.5355849354454586,48,47,tfidf,400,0.05,20,14,0.7,,48,separate
PersonaChat,786,9,554,70.48346055979644,25.77777777777778,0.24650655686855316,16,48,dense,500,0.02,10,5,0.5,,16,separate
SyntheticPersonaChat,864,8,607,70.25462962962963,32.125,0.22851410508155823,16,48,dense,500,0.02,10,5,0.5,,16,separate
MSC,1455,10,1212,83.29896907216495,24.3,0.2653481364250183,16,48,dense,500,0.02,10,5,0.5,,16,separate
PEC,24320,2,17153,70.53042763157895,3583.5,0.0478593111038208,16,48,dense,500,0.02,10,5,0.5,,16,separate
FoCus,950,6,530,55.78947368421052,70.0,0.18851515650749207,16,48,dense,500,0.02,10,5,0.5,,16,separate
MPChat,3015,6,2483,82.35489220563848,88.66666666666667,0.22517262399196625,16,48,dense,500,0.02,10,5,0.5,,16,separate
PER-CHAT,19148,18,16065,83.89910173386255,171.27777777777777,0.2688392996788025,16,48,dense,500,0.02,10,5,0.5,,16,separate
PersonaChat,786,2,545,69.3384223918575,120.5,0.7123675484915946,48,49,tfidf,500,0.1,50,50,1.0,,48,separate
SyntheticPersonaChat,864,2,531,61.458333333333336,166.5,0.5461020096528917,48,49,tfidf,500,0.1,50,50,1.0,,48,separate
MSC,1455,3,930,63.91752577319587,175.0,0.5863424855250648,48,49,tfidf,500,0.1,50,50,1.0,,48,separate
PEC,24320,72,7501,30.84292763157895,233.59722222222223,0.5196326653783022,48,49,tfidf,500,0.1,50,50,1.0,,48,separate
FoCus,950,4,561,59.05263157894737,97.25,0.4839705096029911,48,49,tfidf,500,0.1,50,50,1.0,,48,separate
MPChat,3015,4,2253,74.72636815920399,190.5,0.6142413079948305,48,49,tfidf,500,0.1,50,50,1.0,,48,separate
PER-CHAT,19148,30,12950,67.631084186338,206.6,0.6007002862399358,48,49,tfidf,500,0.1,50,50,1.0,,48,separate
PersonaChat,981,11,782,79.71457696228337,18.09090909090909,0.28806906938552856,16,50,dense,750,0.01,7,7,1.0,,16,separate
SyntheticPersonaChat,1045,8,805,77.03349282296651,30.0,0.21936963498592377,16,50,dense,750,0.01,7,7,1.0,,16,separate
MSC,1898,11,1549,81.61222339304531,31.727272727272727,0.2881067991256714,16,50,dense,750,0.01,7,7,1.0,,16,separate
PEC,33064,4,26399,79.84212436486814,1666.25,-0.0823531225323677,16,50,dense,750,0.01,7,7,1.0,,16,separate
FoCus,1270,8,920,72.44094488188976,43.75,0.23490075767040253,16,50,dense,750,0.01,7,7,1.0,,16,separate
MPChat,4177,2,2602,62.293512090016755,787.5,-0.0009274746407754719,16,50,dense,750,0.01,7,7,1.0,,16,separate
PER-CHAT,26941,28,23575,87.50603169889759,120.21428571428571,0.28058233857154846,16,50,dense,750,0.01,7,7,1.0,,16,separate
PersonaChat,786,7,440,55.97964376590331,49.42857142857143,0.5179785941967334,48,51,tfidf,500,0.04,20,14,0.7,,48,separate
SyntheticPersonaChat,864,6,439,50.81018518518518,70.83333333333333,0.4633473890478957,48,51,tfidf,500,0.04,20,14,0.7,,48,separate
MSC,1455,11,670,46.04810996563574,71.36363636363636,0.42447861057681824,48,51,tfidf,500,0.04,20,14,0.7,,48,separate
PEC,24320,157,10677,43.90213815789474,86.89808917197452,0.500330107528532,48,51,tfidf,500,0.04,20,14,0.7,,48,separate
FoCus,950,11,338,35.578947368421055,55.63636363636363,0.3661671252608909,48,51,tfidf,500,0.04,20,14,0.7,,48,separate
MPChat,3015,33,1429,47.39635157545605,48.06060606060606,0.3761585717246879,48,51,tfidf,500,0.04,20,14,0.7,,48,separate
PER-CHAT,19148,58,11994,62.63839565489868,123.34482758620689,0.5098865854553514,48,51,tfidf,500,0.04,20,14,0.7,,48,separate
PersonaChat,574,3,326,56.79442508710801,82.66666666666667,0.5154845974975696,32,52,tfidf,300,0.1,30,15,0.5,,32,separate
SyntheticPersonaChat,631,5,310,49.128367670364504,64.2,0.5994251570684884,32,52,tfidf,300,0.1,30,15,0.5,,32,separate
MSC,976,4,400,40.98360655737705,144.0,0.4141871040596268,32,52,tfidf,300,0.1,30,15,0.5,,32,separate
PEC,15829,78,5000,31.58759239370775,138.83333333333334,0.4832692941131218,32,52,tfidf,300,0.1,30,15,0.5,,32,separate
FoCus,676,5,291,43.047337278106504,77.0,0.40632098625399315,32,52,tfidf,300,0.1,30,15,0.5,,32,separate
MPChat,1903,10,1184,62.21755123489228,71.9,0.43997440921218234,32,52,tfidf,300,0.1,30,15,0.5,,32,separate
PER-CHAT,12212,37,6762,55.371765476580414,147.2972972972973,0.5206930820161206,32,52,tfidf,300,0.1,30,15,0.5,,32,separate
PersonaChat,786,7,552,70.22900763358778,33.42857142857143,0.2185279279947281,16,53,dense,500,0.02,10,5,0.5,,16,separate
SyntheticPersonaChat,864,8,622,71.99074074074075,30.25,0.23326760530471802,16,53,dense,500,0.02,10,5,0.5,,16,separate
MSC,1455,12,1160,79.72508591065292,24.583333333333332,0.2886545956134796,16,53,dense,500,0.02,10,5,0.5,,16,separate
PEC,24320,2,17153,70.53042763157895,3583.5,0.0478593111038208,16,53,dense,500,0.02,10,5,0.5,,16,separate
FoCus,950,6,531,55.89473684210526,69.83333333333333,0.18722373247146606,16,53,dense,500,0.02,10,5,0.5,,16,separate
MPChat,3015,8,2548,84.51077943615257,58.375,0.20175418257713318,16,53,dense,500,0.02,10,5,0.5,,16,separate
PER-CHAT,19148,18,16065,83.89910173386255,171.27777777777777,0.2688392996788025,16,53,dense,500,0.02,10,5,0.5,,16,separate
PersonaChat,426,33,69,16.19718309859155,10.818181818181818,0.46862307629181865,32,54,tfidf,200,0.02,5,2,0.5,,32,separate
SyntheticPersonaChat,475,35,99,20.842105263157894,10.742857142857142,0.398221633549596,32,54,tfidf,200,0.02,5,2,0.5,,32,separate
MSC,718,41,231,32.17270194986072,11.878048780487806,0.43754523405318263,32,54,tfidf,200,0.02,5,2,0.5,,32,separate
PEC,11258,417,5654,50.22206430982412,13.43884892086331,0.4595217513427989,32,54,tfidf,200,0.02,5,2,0.5,,32,separate
FoCus,495,39,79,15.95959595959596,10.666666666666666,0.6417173125559325,32,54,tfidf,200,0.02,5,2,0.5,,32,separate
MPChat,1462,62,437,29.890560875512996,16.532258064516128,0.2728649270671863,32,54,tfidf,200,0.02,5,2,0.5,,32,separate
PER-CHAT,8359,226,4173,49.922239502332815,18.52212389380531,0.3682411580562492,32,54,tfidf,200,0.02,5,2,0.5,,32,separate
PersonaChat,692,0,692,100.0,0.0,-1.0,32,55,hybrid,400,0.1,40,40,1.0,0.7,32,separate
SyntheticPersonaChat,759,0,759,100.0,0.0,-1.0,32,55,hybrid,400,0.1,40,40,1.0,0.7,32,separate
MSC,1245,0,1245,100.0,0.0,-1.0,32,55,hybrid,400,0.1,40,40,1.0,0.7,32,separate
PEC,20479,35,11603,56.658039943356606,253.6,0.40557853725633686,32,55,hybrid,400,0.1,40,40,1.0,0.7,32,separate
FoCus,813,3,624,76.75276752767527,63.0,0.2658521643188161,32,55,hybrid,400,0.1,40,40,1.0,0.7,32,separate
MPChat,2597,7,2163,83.28840970350404,62.0,0.2670368081776315,32,55,hybrid,400,0.1,40,40,1.0,0.7,32,separate
PER-CHAT,15536,32,11424,73.53244078269825,128.5,0.3362156308339935,32,55,hybrid,400,0.1,40,40,1.0,0.7,32,separate
PersonaChat,574,9,164,28.57142857142857,45.55555555555556,0.44513769990490265,32,56,tfidf,300,0.04,12,8,0.7,,32,separate
SyntheticPersonaChat,631,12,337,53.40729001584786,24.5,0.2307383144045254,32,56,tfidf,300,0.04,12,8,0.7,,32,separate
MSC,976,17,492,50.409836065573764,28.470588235294116,0.37183858084802446,32,56,tfidf,300,0.04,12,8,0.7,,32,separate
PEC,15829,171,9193,58.07694737507107,38.80701754385965,0.5303030730106638,32,56,tfidf,300,0.04,12,8,0.7,,32,separate
FoCus,676,14,159,23.5207100591716,36.92857142857143,0.385053029490271,32,56,tfidf,300,0.04,12,8,0.7,,32,separate
MPChat,1903,34,835,43.87808723068839,31.41176470588235,0.4368775466796207,32,56,tfidf,300,0.04,12,8,0.7,,32,separate
PER-CHAT,12212,70,6767,55.41270881100557,77.78571428571429,0.46985274038948577,32,56,tfidf,300,0.04,12,8,0.7,,32,separate
PersonaChat,981,15,660,67.2782874617737,21.4,0.2040141771006067,16,57,hybrid,750,0.01,7,4,0.7,0.3,16,separate
SyntheticPersonaChat,1045,19,731,69.95215311004785,16.526315789473685,0.1921270423316179,16,57,hybrid,750,0.01,7,4,0.7,0.3,16,separate
MSC,1898,18,1466,77.23919915700738,24.0,0.14712499556253583,16,57,hybrid,750,0.01,7,4,0.7,0.3,16,separate
PEC,33064,2,18356,55.516573917251385,7354.0,-0.03074425416770102,16,57,hybrid,750,0.01,7,4,0.7,0.3,16,separate
FoCus,1270,16,927,72.99212598425197,21.4375,0.18740727525737058,16,57,hybrid,750,0.01,7,4,0.7,0.3,16,separate
MPChat,4177,23,3492,83.60067033756285,29.782608695652176,0.15884582843783016,16,57,hybrid,750,0.01,7,4,0.7,0.3,16,separate
PER-CHAT,26941,79,24234,89.95211759028989,34.265822784810126,0.16205494489079808,16,57,hybrid,750,0.01,7,4,0.7,0.3,16,separate
PersonaChat,981,0,981,100.0,0.0,-1.0,16,58,hybrid,750,0.1,75,75,1.0,0.5,16,separate
SyntheticPersonaChat,1045,0,1045,100.0,0.0,-1.0,16,58,hybrid,750,0.1,75,75,1.0,0.5,16,separate
MSC,1898,0,1898,100.0,0.0,-1.0,16,58,hybrid,750,0.1,75,75,1.0,0.5,16,separate
PEC,33064,16,27147,82.10440358093395,369.8125,0.42232481721292636,16,58,hybrid,750,0.1,75,75,1.0,0.5,16,separate
FoCus,1270,0,1270,100.0,0.0,-1.0,16,58,hybrid,750,0.1,75,75,1.0,0.5,16,separate
MPChat,4177,0,4177,100.0,0.0,-1.0,16,58,hybrid,750,0.1,75,75,1.0,0.5,16,separate
PER-CHAT,26941,12,24019,89.15407742845477,243.5,0.37347380336840136,16,58,hybrid,750,0.1,75,75,1.0,0.5,16,separate
PersonaChat,574,23,158,27.526132404181187,18.08695652173913,0.2642925792710432,16,59,hybrid,300,0.02,6,3,0.5,0.9,16,separate
SyntheticPersonaChat,631,22,207,32.80507131537242,19.272727272727273,0.21845938953940533,16,59,hybrid,300,0.02,6,3,0.5,0.9,16,separate
MSC,976,34,383,39.24180327868852,17.441176470588236,0.2581435056364529,16,59,hybrid,300,0.02,6,3,0.5,0.9,16,separate
PEC,15829,179,8745,55.24669909659485,39.57541899441341,0.15646926825146537,16,59,hybrid,300,0.02,6,3,0.5,0.9,16,separate
FoCus,676,27,172,25.443786982248522,18.666666666666668,0.40897351952665606,16,59,hybrid,300,0.02,6,3,0.5,0.9,16,separate
MPChat,1903,44,891,46.82080924855491,23.0,0.30197948004914876,16,59,hybrid,300,0.02,6,3,0.5,0.9,16,separate
PER-CHAT,12212,193,5523,45.22600720602686,34.6580310880829,0.3272289949132563,16,59,hybrid,300,0.02,6,3,0.5,0.9,16,separate
PersonaChat,692,12,510,73.69942196531792,15.166666666666666,0.14459800720214844,48,60,dense,400,0.01,5,5,1.0,,48,separate
SyntheticPersonaChat,759,16,563,74.17654808959156,12.25,0.14485371112823486,48,60,dense,400,0.01,5,5,1.0,,48,separate
MSC,1245,17,1001,80.40160642570281,14.352941176470589,0.15788325667381287,48,60,dense,400,0.01,5,5,1.0,,48,separate
PEC,20479,4,13198,64.44650617705943,1820.25,-0.07282264530658722,48,60,dense,400,0.01,5,5,1.0,,48,separate
FoCus,813,7,607,74.66174661746618,29.428571428571427,0.08025042712688446,48,60,dense,400,0.01,5,5,1.0,,48,separate
MPChat,2597,12,2122,81.7096649980747,39.583333333333336,0.10215302556753159,48,60,dense,400,0.01,5,5,1.0,,48,separate
PER-CHAT,15536,50,13357,85.97451081359424,43.58,0.17609593272209167,48,60,dense,400,0.01,5,5,1.0,,48,separate
PersonaChat,786,8,573,72.90076335877863,26.625,0.13330236077308655,48,61,dense,500,0.02,10,5,0.5,,48,separate
SyntheticPersonaChat,864,9,634,73.37962962962963,25.555555555555557,0.14302484691143036,48,61,dense,500,0.02,10,5,0.5,,48,separate
MSC,1455,9,1194,82.06185567010309,29.0,0.13994847238063812,48,61,dense,500,0.02,10,5,0.5,,48,separate
PEC,24320,2,20596,84.6875,1862.0,0.03958078846335411,48,61,dense,500,0.02,10,5,0.5,,48,separate
FoCus,950,6,762,80.21052631578948,31.333333333333332,0.16551704704761505,48,61,dense,500,0.02,10,5,0.5,,48,separate
MPChat,3015,9,2584,85.70480928689884,47.888888888888886,0.12904644012451172,48,61,dense,500,0.02,10,5,0.5,,48,separate
PER-CHAT,19148,15,16704,87.236264884061,162.93333333333334,0.22350405156612396,48,61,dense,500,0.02,10,5,0.5,,48,separate
PersonaChat,981,5,809,82.46687054026503,34.4,0.17322129011154175,48,62,dense,750,0.02,15,10,0.7,,48,separate
SyntheticPersonaChat,1045,4,841,80.47846889952153,51.0,0.1384943574666977,48,62,dense,750,0.02,15,10,0.7,,48,separate
MSC,1898,4,1684,88.72497365648051,53.5,0.20914821326732635,48,62,dense,750,0.02,15,10,0.7,,48,separate
PEC,33064,15,32355,97.85567384466489,47.266666666666666,0.21921925246715546,48,62,dense,750,0.02,15,10,0.7,,48,separate
FoCus,1270,4,1088,85.66929133858268,45.5,0.11085394769906998,48,62,dense,750,0.02,15,10,0.7,,48,separate
MPChat,4177,5,3787,90.66315537467081,78.0,0.18573561310768127,48,62,dense,750,0.02,15,10,0.7,,48,separate
PER-CHAT,26941,8,24202,89.83333951969118,342.375,0.24279560148715973,48,62,dense,750,0.02,15,10,0.7,,48,separate
PersonaChat,574,12,289,50.34843205574913,23.75,0.27815156427886045,16,63,hybrid,300,0.04,12,6,0.5,0.7,16,separate
SyntheticPersonaChat,631,12,274,43.42313787638668,29.75,0.3208145992957652,16,63,hybrid,300,0.04,12,6,0.5,0.7,16,separate
MSC,976,18,557,57.06967213114754,23.27777777777778,0.35131454451628674,16,63,hybrid,300,0.04,12,6,0.5,0.7,16,separate
PEC,15829,44,9209,58.178027670730934,150.45454545454547,0.21464764033794662,16,63,hybrid,300,0.04,12,6,0.5,0.7,16,separate
FoCus,676,16,258,38.16568047337278,26.125,0.4400733217024863,16,63,hybrid,300,0.04,12,6,0.5,0.7,16,separate
MPChat,1903,18,1153,60.58854440357331,41.666666666666664,0.3346754087371158,16,63,hybrid,300,0.04,12,6,0.5,0.7,16,separate
PER-CHAT,12212,33,8701,71.24959056665575,106.39393939393939,0.31402374993425775,16,63,hybrid,300,0.04,12,6,0.5,0.7,16,separate
PersonaChat,574,40,147,25.609756097560975,10.675,0.2661521278146441,32,64,hybrid,300,0.01,5,3,0.7,0.9,32,separate
SyntheticPersonaChat,631,42,133,21.077654516640255,11.857142857142858,0.2737312395744797,32,64,hybrid,300,0.01,5,3,0.7,0.9,32,separate
MSC,976,44,331,33.91393442622951,14.659090909090908,0.21417784539449358,32,64,hybrid,300,0.01,5,3,0.7,0.9,32,separate
PEC,15829,323,6494,41.02596500094763,28.90092879256966,0.19469816752271515,32,64,hybrid,300,0.01,5,3,0.7,0.9,32,separate
FoCus,676,41,156,23.076923076923077,12.682926829268293,0.4140788461861591,32,64,hybrid,300,0.01,5,3,0.7,0.9,32,separate
MPChat,1903,73,765,40.19968470835523,15.58904109589041,0.26903315317581133,32,64,hybrid,300,0.01,5,3,0.7,0.9,32,separate
PER-CHAT,12212,255,6644,54.40550278414674,21.83529411764706,0.2819853578945245,32,64,hybrid,300,0.01,5,3,0.7,0.9,32,separate
PersonaChat,426,19,233,54.694835680751176,10.157894736842104,0.11026947945356369,48,65,dense,200,0.03,6,3,0.5,,48,separate
SyntheticPersonaChat,475,2,217,45.68421052631579,129.0,0.052470047026872635,48,65,dense,200,0.03,6,3,0.5,,48,separate
MSC,718,2,142,19.77715877437326,288.0,-0.03354191780090332,48,65,dense,200,0.03,6,3,0.5,,48,separate
PEC,11258,3,4486,39.847219754841,2257.3333333333335,-0.07427200675010681,48,65,dense,200,0.03,6,3,0.5,,48,separate
FoCus,495,2,199,40.2020202020202,148.0,-0.0006036274717189372,48,65,dense,200,0.03,6,3,0.5,,48,separate
MPChat,1462,4,644,44.04924760601915,204.5,-0.06503044813871384,48,65,dense,200,0.03,6,3,0.5,,48,separate
PER-CHAT,8359,52,6501,77.77246082067234,35.73076923076923,0.10596978664398193,48,65,dense,200,0.03,6,3,0.5,,48,separate
PersonaChat,981,48,336,34.25076452599388,13.4375,0.37334122918899165,48,66,hybrid,750,0.01,7,7,1.0,0.9,48,separate
SyntheticPersonaChat,1045,44,382,36.55502392344497,15.068181818181818,0.2924655943916687,48,66,hybrid,750,0.01,7,7,1.0,0.9,48,separate
MSC,1898,51,733,38.61959957850369,22.84313725490196,0.3087095279240536,48,66,hybrid,750,0.01,7,7,1.0,0.9,48,separate
PEC,33064,451,13457,40.69985482700218,43.47450110864745,0.17520726443603477,48,66,hybrid,750,0.01,7,7,1.0,0.9,48,separate
FoCus,1270,48,284,22.362204724409448,20.541666666666668,0.415813843542866,48,66,hybrid,750,0.01,7,7,1.0,0.9,48,separate
MPChat,4177,88,1844,44.14651663873593,26.511363636363637,0.2996983088681602,48,66,hybrid,750,0.01,7,7,1.0,0.9,48,separate
PER-CHAT,26941,208,18372,68.19345978248765,41.19711538461539,0.30917259195412733,48,66,hybrid,750,0.01,7,7,1.0,0.9,48,separate
PersonaChat,981,4,812,82.77268093781855,42.25,0.20263716578483582,32,67,dense,750,0.03,22,11,0.5,,32,separate
SyntheticPersonaChat,1045,3,851,81.43540669856459,64.66666666666667,0.15139763057231903,32,67,dense,750,0.03,22,11,0.5,,32,separate
MSC,1898,4,1701,89.62065331928346,49.25,0.2623758316040039,32,67,dense,750,0.03,22,11,0.5,,32,separate
PEC,33064,2,30890,93.4248729736269,1087.0,0.10427744686603546,32,67,dense,750,0.03,22,11,0.5,,32,separate
FoCus,1270,2,1055,83.07086614173228,107.5,0.1703489124774933,32,67,dense,750,0.03,22,11,0.5,,32,separate
MPChat,4177,5,3750,89.77735216662677,85.4,0.22146527469158173,32,67,dense,750,0.03,22,11,0.5,,32,separate
PER-CHAT,26941,8,23922,88.79403140195241,377.375,0.26532500982284546,32,67,dense,750,0.03,22,11,0.5,,32,separate
PersonaChat,692,29,211,30.491329479768787,16.586206896551722,0.42672282533575334,32,68,tfidf,400,0.02,8,5,0.7,,32,separate
SyntheticPersonaChat,759,27,277,36.49538866930172,17.85185185185185,0.5171064796068967,32,68,tfidf,400,0.02,8,5,0.7,,32,separate
MSC,1245,38,564,45.30120481927711,17.92105263157895,0.47722743371419785,32,68,tfidf,400,0.02,8,5,0.7,,32,separate
PEC,20479,356,11064,54.02607549196738,26.446629213483146,0.5097783190172767,32,68,tfidf,400,0.02,8,5,0.7,,32,separate
FoCus,813,32,244,30.01230012300123,17.78125,0.616901842636644,32,68,tfidf,400,0.02,8,5,0.7,,32,separate
MPChat,2597,59,980,37.735849056603776,27.406779661016948,0.38319866973597194,32,68,tfidf,400,0.02,8,5,0.7,,32,separate
PER-CHAT,15536,157,8754,56.3465499485067,43.197452229299365,0.452263274567265,32,68,tfidf,400,0.02,8,5,0.7,,32,separate
PersonaChat,981,16,406,41.386340468909275,35.9375,0.47346486126506515,16,69,tfidf,750,0.02,15,7,0.5,,16,separate
SyntheticPersonaChat,1045,19,510,48.803827751196174,28.157894736842106,0.6097498199735585,16,69,tfidf,750,0.02,15,7,0.5,,16,separate
MSC,1898,23,1021,53.79346680716544,38.130434782608695,0.4673621879474789,16,69,tfidf,750,0.02,15,7,0.5,,16,separate
PEC,33064,214,20712,62.64214856036777,57.7196261682243,0.5140118801578041,16,69,tfidf,750,0.02,15,7,0.5,,16,separate
FoCus,1270,25,337,26.535433070866144,37.32,0.6076449772680056,16,69,tfidf,750,0.02,15,7,0.5,,16,separate
MPChat,4177,34,2256,54.010055063442664,56.5,0.43978794408198874,16,69,tfidf,750,0.02,15,7,0.5,,16,separate
PER-CHAT,26941,124,14676,54.47459262833599,98.91129032258064,0.4221841986211551,16,69,tfidf,750,0.02,15,7,0.5,,16,separate
PersonaChat,786,40,246,31.297709923664126,13.5,0.4893388429120582,32,70,tfidf,500,0.01,5,5,1.0,,32,separate
SyntheticPersonaChat,864,41,317,36.68981481481482,13.341463414634147,0.5887312273502787,32,70,tfidf,500,0.01,5,5,1.0,,32,separate
MSC,1455,55,616,42.33676975945017,15.254545454545454,0.48673598781294874,32,70,tfidf,500,0.01,5,5,1.0,,32,separate
PEC,24320,711,13619,55.999177631578945,15.050632911392405,0.5117528975162782,32,70,tfidf,500,0.01,5,5,1.0,,32,separate
FoCus,950,50,293,30.842105263157894,13.14,0.687574007671881,32,70,tfidf,500,0.01,5,5,1.0,,32,separate
MPChat,3015,94,1341,44.47761194029851,17.80851063829787,0.37264401221655596,32,70,tfidf,500,0.01,5,5,1.0,,32,separate
PER-CHAT,19148,326,11206,58.52308335074159,24.36196319018405,0.4322180768044144,32,70,tfidf,500,0.01,5,5,1.0,,32,separate
PersonaChat,426,5,339,79.5774647887324,17.4,0.18232914805412292,48,71,dense,200,0.04,8,8,1.0,,48,separate
SyntheticPersonaChat,475,5,382,80.42105263157895,18.6,0.17709513008594513,48,71,dense,200,0.04,8,8,1.0,,48,separate
MSC,718,6,587,81.75487465181058,21.833333333333332,0.16795919835567474,48,71,dense,200,0.04,8,8,1.0,,48,separate
PEC,11258,9,10600,94.15526736542903,73.11111111111111,0.0446813739836216,48,71,dense,200,0.04,8,8,1.0,,48,separate
FoCus,495,3,400,80.8080808080808,31.666666666666668,0.10424291342496872,48,71,dense,200,0.04,8,8,1.0,,48,separate
MPChat,1462,4,1210,82.76333789329685,63.0,0.16762714087963104,48,71,dense,200,0.04,8,8,1.0,,48,separate
PER-CHAT,8359,14,6961,83.27551142481158,99.85714285714286,0.2075813263654709,48,71,dense,200,0.04,8,8,1.0,,48,separate
PersonaChat,426,0,426,100.0,0.0,-1.0,32,72,hybrid,200,0.1,20,14,0.7,0.3,32,separate
SyntheticPersonaChat,475,0,475,100.0,0.0,-1.0,32,72,hybrid,200,0.1,20,14,0.7,0.3,32,separate
MSC,718,2,620,86.35097493036211,49.0,0.059678345848289995,32,72,hybrid,200,0.1,20,14,0.7,0.3,32,separate
PEC,11258,2,9742,86.53402025226505,758.0,0.10152307694087126,32,72,hybrid,200,0.1,20,14,0.7,0.3,32,separate
FoCus,495,0,495,100.0,0.0,-1.0,32,72,hybrid,200,0.1,20,14,0.7,0.3,32,separate
MPChat,1462,3,1333,91.17647058823529,43.0,0.14047884014996245,32,72,hybrid,200,0.1,20,14,0.7,0.3,32,separate
PER-CHAT,8359,8,7830,93.67149180523985,66.125,0.2574211515132764,32,72,hybrid,200,0.1,20,14,0.7,0.3,32,separate
PersonaChat,692,2,179,25.86705202312139,256.5,0.588956837090099,16,73,tfidf,400,0.1,40,20,0.5,,16,separate
SyntheticPersonaChat,759,4,102,13.438735177865613,164.25,0.5843243378269987,16,73,tfidf,400,0.1,40,20,0.5,,16,separate
MSC,1245,3,351,28.19277108433735,298.0,0.516210464904997,16,73,tfidf,400,0.1,40,20,0.5,,16,separate
PEC,20479,53,8061,39.36227354851311,234.30188679245282,0.5111297606292121,16,73,tfidf,400,0.1,40,20,0.5,,16,separate
FoCus,813,6,179,22.01722017220172,105.66666666666667,0.42963899898878083,16,73,tfidf,400,0.1,40,20,0.5,,16,separate
MPChat,2597,16,710,27.33923758182518,117.9375,0.6181952167245829,16,73,tfidf,400,0.1,40,20,0.5,,16,separate
PER-CHAT,15536,27,8366,53.8491246138002,265.55555555555554,0.5279205393340435,16,73,tfidf,400,0.1,40,20,0.5,,16,separate
PersonaChat,692,5,501,72.39884393063583,38.2,0.16362233459949493,32,74,dense,400,0.03,12,6,0.5,,32,separate
SyntheticPersonaChat,759,5,583,76.81159420289855,35.2,0.1689002513885498,32,74,dense,400,0.03,12,6,0.5,,32,separate
MSC,1245,7,1038,83.37349397590361,29.571428571428573,0.19003134965896606,32,74,dense,400,0.03,12,6,0.5,,32,separate
PEC,20479,2,17361,84.7746471995703,1559.0,0.005855484865605831,32,74,dense,400,0.03,12,6,0.5,,32,separate
FoCus,813,6,611,75.15375153751538,33.666666666666664,0.2021922469139099,32,74,dense,400,0.03,12,6,0.5,,32,separate
MPChat,2597,7,2053,79.0527531767424,77.71428571428571,0.13535524904727936,32,74,dense,400,0.03,12,6,0.5,,32,separate
PER-CHAT,15536,11,13427,86.4250772399588,191.72727272727272,0.24976089596748352,32,74,dense,400,0.03,12,6,0.5,,32,separate
PersonaChat,981,6,546,55.65749235474006,72.5,0.538726362841482,48,75,tfidf,750,0.03,22,11,0.5,,48,separate
SyntheticPersonaChat,1045,8,437,41.81818181818181,76.0,0.4514663268640044,48,75,tfidf,750,0.03,22,11,0.5,,48,separate
MSC,1898,14,799,42.096944151738676,78.5,0.3836129306398663,48,75,tfidf,750,0.03,22,11,0.5,,48,separate
PEC,33064,195,17643,53.36015001209775,79.08205128205128,0.5189362521337658,48,75,tfidf,750,0.03,22,11,0.5,,48,separate
FoCus,1270,15,443,34.881889763779526,55.13333333333333,0.4563410074963424,48,75,tfidf,750,0.03,22,11,0.5,,48,separate
MPChat,4177,45,1947,46.61240124491262,49.55555555555556,0.3359666591748704,48,75,tfidf,750,0.03,22,11,0.5,,48,separate
PER-CHAT,26941,77,17191,63.8098066144538,126.62337662337663,0.49043911066839035,48,75,tfidf,750,0.03,22,11,0.5,,48,separate
PersonaChat,426,2,39,9.15492957746479,193.5,-0.010271736420691013,32,76,dense,200,0.03,6,3,0.5,,32,separate
SyntheticPersonaChat,475,2,65,13.684210526315791,205.0,-0.012478707358241081,32,76,dense,200,0.03,6,3,0.5,,32,separate
MSC,718,12,434,60.44568245125348,23.666666666666668,0.11058160662651062,32,76,dense,200,0.03,6,3,0.5,,32,separate
PEC,11258,2,4119,36.587315686622844,3569.5,0.0028493357822299004,32,76,dense,200,0.03,6,3,0.5,,32,separate
FoCus,495,14,316,63.83838383838384,12.785714285714286,0.10764136165380478,32,76,dense,200,0.03,6,3,0.5,,32,separate
MPChat,1462,2,691,47.264021887824896,385.5,0.018908850848674774,32,76,dense,200,0.03,6,3,0.5,,32,separate
PER-CHAT,8359,63,6419,76.79148223471707,30.793650793650794,0.10122860968112946,32,76,dense,200,0.03,6,3,0.5,,32,separate
PersonaChat,692,41,203,29.335260115606935,11.926829268292684,0.265995172533395,32,77,hybrid,400,0.01,5,3,0.7,0.9,32,separate
SyntheticPersonaChat,759,41,219,28.85375494071146,13.170731707317072,0.2798262778058765,32,77,hybrid,400,0.01,5,3,0.7,0.9,32,separate
MSC,1245,47,412,33.092369477911646,17.72340425531915,0.21687780966551992,32,77,hybrid,400,0.01,5,3,0.7,0.9,32,separate
PEC,20479,416,8219,40.13379559548806,29.471153846153847,0.14155557898156973,32,77,hybrid,400,0.01,5,3,0.7,0.9,32,separate
FoCus,813,47,161,19.803198031980322,13.872340425531915,0.3816001702666428,32,77,hybrid,400,0.01,5,3,0.7,0.9,32,separate
MPChat,2597,92,982,37.81286099345398,17.554347826086957,0.2720240871040291,32,77,hybrid,400,0.01,5,3,0.7,0.9,32,separate
PER-CHAT,15536,339,8699,55.99253347064882,20.168141592920353,0.2962801695598601,32,77,hybrid,400,0.01,5,3,0.7,0.9,32,separate
PersonaChat,981,2,363,37.00305810397553,309.0,0.649000626724835,16,78,tfidf,750,0.1,75,52,0.7,,16,separate
SyntheticPersonaChat,1045,2,336,32.15311004784689,354.5,0.6750072195913545,16,78,tfidf,750,0.1,75,52,0.7,,16,separate
MSC,1898,4,631,33.24552160168599,316.75,0.5897468586287743,16,78,tfidf,750,0.1,75,52,0.7,,16,separate
PEC,33064,38,12466,37.70263730946044,542.0526315789474,0.5259361111237651,16,78,tfidf,750,0.1,75,52,0.7,,16,separate
FoCus,1270,5,365,28.74015748031496,181.0,0.5263986485225677,16,78,tfidf,750,0.1,75,52,0.7,,16,separate
MPChat,4177,12,1356,32.46349054345224,235.08333333333334,0.6732721998345765,16,78,tfidf,750,0.1,75,52,0.7,,16,separate
PER-CHAT,26941,22,13559,50.32849560149957,608.2727272727273,0.5642672034041211,16,78,tfidf,750,0.1,75,52,0.7,,16,separate
PersonaChat,981,36,390,39.75535168195719,16.416666666666668,0.5832579889154655,16,79,tfidf,750,0.01,7,4,0.7,,16,separate
SyntheticPersonaChat,1045,35,418,40.0,17.914285714285715,0.6228232792861125,16,79,tfidf,750,0.01,7,4,0.7,,16,separate
MSC,1898,42,927,48.840885142255004,23.11904761904762,0.4970991461721731,16,79,tfidf,750,0.01,7,4,0.7,,16,separate
PEC,33064,535,19874,60.107669973384944,24.654205607476637,0.4424920051646102,16,79,tfidf,750,0.01,7,4,0.7,,16,separate
FoCus,1270,48,403,31.73228346456693,18.0625,0.7321517184361112,16,79,tfidf,750,0.01,7,4,0.7,,16,separate
MPChat,4177,75,2153,51.54417045726598,26.986666666666668,0.42592538974392313,16,79,tfidf,750,0.01,7,4,0.7,,16,separate
PER-CHAT,26941,330,15519,57.603652425670916,34.61212121212121,0.3579674022588611,16,79,tfidf,750,0.01,7,4,0.7,,16,separate
PersonaChat,426,24,179,42.01877934272301,10.291666666666666,0.16359105706214905,16,80,dense,200,0.01,5,2,0.5,,16,separate
SyntheticPersonaChat,475,23,222,46.73684210526316,11.0,0.17483378946781158,16,80,dense,200,0.01,5,2,0.5,,16,separate
MSC,718,26,333,46.37883008356546,14.807692307692308,0.12155521661043167,16,80,dense,200,0.01,5,2,0.5,,16,separate
PEC,11258,331,8045,71.46029490140344,9.706948640483384,0.06806127727031708,16,80,dense,200,0.01,5,2,0.5,,16,separate
FoCus,495,21,253,51.11111111111111,11.523809523809524,0.1742965430021286,16,80,dense,200,0.01,5,2,0.5,,16,separate
MPChat,1462,2,49,3.3515731874145005,706.5,0.02539578080177307,16,80,dense,200,0.01,5,2,0.5,,16,separate
PER-CHAT,8359,207,5700,68.18997487737768,12.845410628019323,0.09824021905660629,16,80,dense,200,0.01,5,2,0.5,,16,separate
PersonaChat,786,6,501,63.74045801526718,47.5,0.6159537153384176,16,81,tfidf,500,0.05,25,25,1.0,,16,separate
SyntheticPersonaChat,864,6,529,61.22685185185185,55.833333333333336,0.654295903827203,16,81,tfidf,500,0.05,25,25,1.0,,16,separate
MSC,1455,11,843,57.938144329896915,55.63636363636363,0.4265066053523624,16,81,tfidf,500,0.05,25,25,1.0,,16,separate
PEC,24320,90,11616,47.76315789473684,141.15555555555557,0.5376571618375239,16,81,tfidf,500,0.05,25,25,1.0,,16,separate
FoCus,950,10,472,49.684210526315795,47.8,0.6697385702642131,16,81,tfidf,500,0.05,25,25,1.0,,16,separate
MPChat,3015,19,1306,43.3167495854063,89.94736842105263,0.5803785679330398,16,81,tfidf,500,0.05,25,25,1.0,,16,separate
PER-CHAT,19148,44,11373,59.39523710048047,176.70454545454547,0.5377856497065677,16,81,tfidf,500,0.05,25,25,1.0,,16,separate
PersonaChat,692,11,504,72.83236994219652,17.09090909090909,0.22810741009331728,16,82,hybrid,400,0.02,8,5,0.7,0.3,16,separate
SyntheticPersonaChat,759,9,615,81.02766798418972,16.0,0.29217994393296026,16,82,hybrid,400,0.02,8,5,0.7,0.3,16,separate
MSC,1245,10,981,78.79518072289157,26.4,0.14559355561353432,16,82,hybrid,400,0.02,8,5,0.7,0.3,16,separate
PEC,20479,2,13502,65.93095365984667,3488.5,-0.03469717697124579,16,82,hybrid,400,0.02,8,5,0.7,0.3,16,separate
FoCus,813,9,598,73.55473554735548,23.88888888888889,0.1994671309469981,16,82,hybrid,400,0.02,8,5,0.7,0.3,16,separate
MPChat,2597,11,2153,82.90335001925298,40.36363636363637,0.2014222591830335,16,82,hybrid,400,0.02,8,5,0.7,0.3,16,separate
PER-CHAT,15536,29,14058,90.48661174047375,50.96551724137931,0.2100554092291634,16,82,hybrid,400,0.02,8,5,0.7,0.3,16,separate
PersonaChat,692,2,553,79.91329479768787,69.5,0.17017102241516113,32,83,dense,400,0.05,20,20,1.0,,32,separate
SyntheticPersonaChat,759,2,633,83.399209486166,63.0,0.2534119486808777,32,83,dense,400,0.05,20,20,1.0,,32,separate
MSC,1245,3,1040,83.53413654618474,68.33333333333333,0.22070187330245972,32,83,dense,400,0.05,20,20,1.0,,32,separate
PEC,20479,2,19064,93.090482933737,707.5,0.10673379898071289,32,83,dense,400,0.05,20,20,1.0,,32,separate
FoCus,813,2,654,80.44280442804428,79.5,0.18949131667613983,32,83,dense,400,0.05,20,20,1.0,,32,separate
MPChat,2597,4,2237,86.13785136696188,90.0,0.2254364788532257,32,83,dense,400,0.05,20,20,1.0,,32,separate
PER-CHAT,15536,5,13323,85.75566426364573,442.6,0.29893916845321655,32,83,dense,400,0.05,20,20,1.0,,32,separate
PersonaChat,692,2,134,19.36416184971098,279.0,0.48474459275684917,16,84,tfidf,400,0.1,40,20,0.5,,16,separate
SyntheticPersonaChat,759,4,113,14.888010540184455,161.5,0.5931142912334862,16,84,tfidf,400,0.1,40,20,0.5,,16,separate
MSC,1245,3,372,29.87951807228916,291.0,0.5221446481902704,16,84,tfidf,400,0.1,40,20,0.5,,16,separate
PEC,20479,53,7479,36.52033790712437,245.28301886792454,0.4899888270409473,16,84,tfidf,400,0.1,40,20,0.5,,16,separate
FoCus,813,6,173,21.27921279212792,106.66666666666667,0.42113225420333755,16,84,tfidf,400,0.1,40,20,0.5,,16,separate
MPChat,2597,16,682,26.26107046592222,119.6875,0.6256775658343083,16,84,tfidf,400,0.1,40,20,0.5,,16,separate
PER-CHAT,15536,29,8113,52.220648815653966,255.9655172413793,0.547839766287533,16,84,tfidf,400,0.1,40,20,0.5,,16,separate
PersonaChat,786,8,455,57.88804071246819,41.375,0.5703283569626035,16,85,tfidf,500,0.04,20,20,1.0,,16,separate
SyntheticPersonaChat,864,7,507,58.68055555555556,51.0,0.6560825123063443,16,85,tfidf,500,0.04,20,20,1.0,,16,separate
MSC,1455,13,919,63.161512027491405,41.23076923076923,0.5607664125346115,16,85,tfidf,500,0.04,20,20,1.0,,16,separate
PEC,24320,105,12358,50.8141447368421,113.92380952380952,0.5256173352158284,16,85,tfidf,500,0.04,20,20,1.0,,16,separate
FoCus,950,16,392,41.26315789473684,34.875,0.7311602793749288,16,85,tfidf,500,0.04,20,20,1.0,,16,separate
MPChat,3015,21,1325,43.946932006633496,80.47619047619048,0.5369946698926106,16,85,tfidf,500,0.04,20,20,1.0,,16,separate
PER-CHAT,19148,52,10870,56.76833089617715,159.19230769230768,0.5144299592632644,16,85,tfidf,500,0.04,20,20,1.0,,16,separate
PersonaChat,786,14,551,70.10178117048346,16.785714285714285,0.18851906061172485,16,86,dense,500,0.01,5,5,1.0,,16,separate
SyntheticPersonaChat,864,13,634,73.37962962962963,17.692307692307693,0.2425549328327179,16,86,dense,500,0.01,5,5,1.0,,16,separate
MSC,1455,2,462,31.752577319587626,496.5,0.02570231258869171,16,86,dense,500,0.01,5,5,1.0,,16,separate
PEC,24320,2,12087,49.69983552631579,6116.5,-0.037843264639377594,16,86,dense,500,0.01,5,5,1.0,,16,separate
FoCus,950,14,599,63.05263157894737,25.071428571428573,0.22537334263324738,16,86,dense,500,0.01,5,5,1.0,,16,separate
MPChat,3015,12,2518,83.51575456053068,41.416666666666664,0.17745673656463623,16,86,dense,500,0.01,5,5,1.0,,16,separate
PER-CHAT,19148,66,15947,83.28284938374765,48.5,0.16572770476341248,16,86,dense,500,0.01,5,5,1.0,,16,separate
PersonaChat,426,2,290,68.07511737089203,68.0,0.38907545971429025,48,87,hybrid,200,0.1,20,14,0.7,0.9,48,separate
SyntheticPersonaChat,475,3,310,65.26315789473685,55.0,0.5700018020302436,48,87,hybrid,200,0.1,20,14,0.7,0.9,48,separate
MSC,718,3,458,63.788300835654596,86.66666666666667,0.15645267414708033,48,87,hybrid,200,0.1,20,14,0.7,0.9,48,separate
PEC,11258,78,4246,37.7154023805294,89.8974358974359,0.29895204525219915,48,87,hybrid,200,0.1,20,14,0.7,0.9,48,separate
FoCus,495,5,298,60.2020202020202,39.4,0.49907205458417603,48,87,hybrid,200,0.1,20,14,0.7,0.9,48,separate
MPChat,1462,13,1013,69.28864569083447,34.53846153846154,0.16731453050443326,48,87,hybrid,200,0.1,20,14,0.7,0.9,48,separate
PER-CHAT,8359,47,5159,61.71790884077043,68.08510638297872,0.35244770887078714,48,87,hybrid,200,0.1,20,14,0.7,0.9,48,separate
PersonaChat,786,5,611,77.735368956743,35.0,0.28762149810791016,16,88,dense,500,0.03,15,7,0.5,,16,separate
SyntheticPersonaChat,864,4,678,78.47222222222221,46.5,0.23626893758773804,16,88,dense,500,0.03,15,7,0.5,,16,separate
MSC,1455,4,1145,78.69415807560138,77.5,0.14628472924232483,16,88,dense,500,0.03,15,7,0.5,,16,separate
PEC,24320,14,23105,95.00411184210526,86.78571428571429,0.22550641000270844,16,88,dense,500,0.03,15,7,0.5,,16,separate
FoCus,950,6,618,65.05263157894737,55.333333333333336,0.25083696842193604,16,88,dense,500,0.03,15,7,0.5,,16,separate
MPChat,3015,5,2583,85.67164179104478,86.4,0.26934510469436646,16,88,dense,500,0.03,15,7,0.5,,16,separate
PER-CHAT,19148,10,16375,85.51806977229998,277.3,0.31012091040611267,16,88,dense,500,0.03,15,7,0.5,,16,separate
PersonaChat,426,12,180,42.25352112676056,20.5,0.3964774841062605,48,89,tfidf,200,0.05,10,5,0.5,,48,separate
SyntheticPersonaChat,475,10,161,33.89473684210526,31.4,0.007878673707979627,48,89,tfidf,200,0.05,10,5,0.5,,48,separate
MSC,718,16,246,34.26183844011142,29.5,0.3477129173472775,48,89,tfidf,200,0.05,10,5,0.5,,48,separate
PEC,11258,174,5765,51.208029845443235,31.56896551724138,0.4591378429326099,48,89,tfidf,200,0.05,10,5,0.5,,48,separate
FoCus,495,11,204,41.21212121212121,26.454545454545453,0.411565076886562,48,89,tfidf,200,0.05,10,5,0.5,,48,separate
MPChat,1462,45,602,41.17647058823529,19.11111111111111,0.2641515374728862,48,89,tfidf,200,0.05,10,5,0.5,,48,separate
PER-CHAT,8359,61,4936,59.05012561311162,56.114754098360656,0.4744319821328958,48,89,tfidf,200,0.05,10,5,0.5,,48,separate
PersonaChat,574,21,125,21.777003484320556,21.38095238095238,0.3631079588908584,32,90,tfidf,300,0.03,9,4,0.5,,32,separate
SyntheticPersonaChat,631,19,194,30.744849445324878,23.0,0.4122741971933307,32,90,tfidf,300,0.03,9,4,0.5,,32,separate
MSC,976,32,392,40.16393442622951,18.25,0.4155647193213888,32,90,tfidf,300,0.03,9,4,0.5,,32,separate
PEC,15829,256,8837,55.82791079663908,27.3125,0.5087516986369469,32,90,tfidf,300,0.03,9,4,0.5,,32,separate
FoCus,676,23,137,20.266272189349113,23.434782608695652,0.47731879832806967,32,90,tfidf,300,0.03,9,4,0.5,,32,separate
MPChat,1903,44,735,38.62322648449816,26.545454545454547,0.3532278110741911,32,90,tfidf,300,0.03,9,4,0.5,,32,separate
PER-CHAT,12212,123,6229,51.00720602685883,48.642276422764226,0.42935021179432004,32,90,tfidf,300,0.03,9,4,0.5,,32,separate
PersonaChat,574,28,138,24.041811846689896,15.571428571428571,0.4939227101120249,32,91,tfidf,300,0.02,6,6,1.0,,32,separate
SyntheticPersonaChat,631,26,183,29.00158478605388,17.23076923076923,0.48965384774076803,32,91,tfidf,300,0.02,6,6,1.0,,32,separate
MSC,976,33,409,41.90573770491803,17.181818181818183,0.45389528337332957,32,91,tfidf,300,0.02,6,6,1.0,,32,separate
PEC,15829,349,9185,58.02640722724114,19.03724928366762,0.5441337608108276,32,91,tfidf,300,0.02,6,6,1.0,,32,separate
FoCus,676,30,200,29.585798816568047,15.866666666666667,0.661103972854537,32,91,tfidf,300,0.02,6,6,1.0,,32,separate
MPChat,1903,53,737,38.72832369942196,22.0,0.3945875676189499,32,91,tfidf,300,0.02,6,6,1.0,,32,separate
PER-CHAT,12212,148,7281,59.62168358991157,33.317567567567565,0.47196775575219735,32,91,tfidf,300,0.02,6,6,1.0,,32,separate
PersonaChat,981,2,818,83.38430173292558,81.5,0.14395064115524292,48,92,dense,750,0.03,22,15,0.7,,48,separate
SyntheticPersonaChat,1045,2,868,83.0622009569378,88.5,0.16739001870155334,48,92,dense,750,0.03,22,15,0.7,,48,separate
MSC,1898,2,1688,88.93572181243414,105.0,0.1568627655506134,48,92,dense,750,0.03,22,15,0.7,,48,separate
PEC,33064,4,31700,95.87466731187999,341.0,0.07083754986524582,48,92,dense,750,0.03,22,15,0.7,,48,separate
FoCus,1270,3,1125,88.58267716535433,48.333333333333336,0.1759016364812851,48,92,dense,750,0.03,22,15,0.7,,48,separate
MPChat,4177,5,3865,92.53052429973665,62.4,0.21046985685825348,48,92,dense,750,0.03,22,15,0.7,,48,separate
PER-CHAT,26941,8,24185,89.77023866968561,344.5,0.2427295595407486,48,92,dense,750,0.03,22,15,0.7,,48,separate
PersonaChat,574,2,308,53.65853658536586,133.0,0.4660914803473841,32,93,tfidf,300,0.1,30,30,1.0,,32,separate
SyntheticPersonaChat,631,3,356,56.418383518225035,91.66666666666667,0.7426629963917929,32,93,tfidf,300,0.1,30,30,1.0,,32,separate
MSC,976,4,487,49.89754098360656,122.25,0.5745530768988237,32,93,tfidf,300,0.1,30,30,1.0,,32,separate
PEC,15829,67,5613,35.46023122117632,152.47761194029852,0.5019062040107463,32,93,tfidf,300,0.1,30,30,1.0,,32,separate
FoCus,676,4,315,46.59763313609467,90.25,0.4599519368339358,32,93,tfidf,300,0.1,30,30,1.0,,32,separate
MPChat,1903,7,1181,62.059905412506566,103.14285714285714,0.5318021014651991,32,93,tfidf,300,0.1,30,30,1.0,,32,separate
PER-CHAT,12212,33,6983,57.181460858172294,158.45454545454547,0.5808490910921834,32,93,tfidf,300,0.1,30,30,1.0,,32,separate
PersonaChat,426,2,309,72.53521126760563,58.5,0.14357820635950228,16,94,hybrid,200,0.1,20,14,0.7,0.5,16,separate
SyntheticPersonaChat,475,3,350,73.68421052631578,41.666666666666664,0.20729897860761398,16,94,hybrid,200,0.1,20,14,0.7,0.5,16,separate
MSC,718,3,562,78.27298050139275,52.0,0.15246702953203517,16,94,hybrid,200,0.1,20,14,0.7,0.5,16,separate
PEC,11258,17,8905,79.09930715935334,138.41176470588235,0.39626339290384804,16,94,hybrid,200,0.1,20,14,0.7,0.5,16,separate
FoCus,495,2,314,63.43434343434343,90.5,0.08123137793234031,16,94,hybrid,200,0.1,20,14,0.7,0.5,16,separate
MPChat,1462,5,1200,82.07934336525308,52.4,0.2021167698077718,16,94,hybrid,200,0.1,20,14,0.7,0.5,16,separate
PER-CHAT,8359,18,7327,87.65402560114846,57.333333333333336,0.25699592636680607,16,94,hybrid,200,0.1,20,14,0.7,0.5,16,separate
PersonaChat,981,2,873,88.9908256880734,54.0,0.21194869905531608,48,95,hybrid,750,0.05,37,25,0.7,0.7,48,separate
SyntheticPersonaChat,1045,2,922,88.22966507177034,61.5,0.28893429321158676,48,95,hybrid,750,0.05,37,25,0.7,0.7,48,separate
MSC,1898,5,1475,77.71338250790305,84.6,0.07947224436604418,48,95,hybrid,750,0.05,37,25,0.7,0.7,48,separate
PEC,33064,58,18059,54.618315993225266,258.7068965517241,0.31071179004027977,48,95,hybrid,750,0.05,37,25,0.7,0.7,48,separate
FoCus,1270,4,943,74.25196850393701,81.75,0.2154646145525585,48,95,hybrid,750,0.05,37,25,0.7,0.7,48,separate
MPChat,4177,21,2954,70.72061288005746,58.23809523809524,0.22943855222009063,48,95,hybrid,750,0.05,37,25,0.7,0.7,48,separate
PER-CHAT,26941,49,20450,75.90661074199177,132.46938775510205,0.30035080822518245,48,95,hybrid,750,0.05,37,25,0.7,0.7,48,separate
PersonaChat,574,7,329,57.3170731707317,35.0,0.6703345269543964,16,96,tfidf,300,0.05,15,15,1.0,,16,separate
SyntheticPersonaChat,631,7,358,56.735340729001585,39.0,0.6633521436650397,16,96,tfidf,300,0.05,15,15,1.0,,16,separate
MSC,976,11,550,56.35245901639344,38.72727272727273,0.46555421009345,16,96,tfidf,300,0.05,15,15,1.0,,16,separate
PEC,15829,102,9964,62.94775412218081,57.5,0.5316068914718397,16,96,tfidf,300,0.05,15,15,1.0,,16,separate
FoCus,676,14,269,39.79289940828402,29.071428571428573,0.6819062028026662,16,96,tfidf,300,0.05,15,15,1.0,,16,separate
MPChat,1903,21,744,39.096163951655285,55.19047619047619,0.5375574622799575,16,96,tfidf,300,0.05,15,15,1.0,,16,separate
PER-CHAT,12212,49,6175,50.56501801506714,123.20408163265306,0.513080060378897,16,96,tfidf,300,0.05,15,15,1.0,,16,separate
PersonaChat,692,6,400,57.80346820809249,48.666666666666664,0.5891349639555447,48,97,tfidf,400,0.04,16,16,1.0,,48,separate
SyntheticPersonaChat,759,6,406,53.49143610013175,58.833333333333336,0.5119565521688897,48,97,tfidf,400,0.04,16,16,1.0,,48,separate
MSC,1245,11,646,51.88755020080321,54.45454545454545,0.5149731840549204,48,97,tfidf,400,0.04,16,16,1.0,,48,separate
PEC,20479,147,8128,39.68943796083793,84.0204081632653,0.4946115261281901,48,97,tfidf,400,0.04,16,16,1.0,,48,separate
FoCus,813,9,384,47.23247232472325,47.666666666666664,0.46561367855368274,48,97,tfidf,400,0.04,16,16,1.0,,48,separate
MPChat,2597,32,1391,53.5618020793223,37.6875,0.3697670872630774,48,97,tfidf,400,0.04,16,16,1.0,,48,separate
PER-CHAT,15536,54,9948,64.03192584963955,103.48148148148148,0.5458806479588197,48,97,tfidf,400,0.04,16,16,1.0,,48,separate
PersonaChat,981,10,783,79.81651376146789,19.8,0.1692807376384735,48,98,dense,750,0.01,7,7,1.0,,48,separate
SyntheticPersonaChat,1045,9,856,81.91387559808612,21.0,0.17684423923492432,48,98,dense,750,0.01,7,7,1.0,,48,separate
MSC,1898,11,1629,85.82718651211802,24.454545454545453,0.18892478942871094,48,98,dense,750,0.01,7,7,1.0,,48,separate
PEC,33064,2,27434,82.97241713041375,2815.0,0.012109496630728245,48,98,dense,750,0.01,7,7,1.0,,48,separate
FoCus,1270,8,1059,83.38582677165356,26.375,0.16039413213729858,48,98,dense,750,0.01,7,7,1.0,,48,separate
MPChat,4177,12,3835,91.81230548240364,28.5,0.16839684545993805,48,98,dense,750,0.01,7,7,1.0,,48,separate
PER-CHAT,26941,17,23881,88.6418469989978,180.0,0.2123769372701645,48,98,dense,750,0.01,7,7,1.0,,48,separate
PersonaChat,426,5,310,72.76995305164318,23.2,0.21566762542135784,16,99,hybrid,200,0.05,10,10,1.0,0.5,16,separate
SyntheticPersonaChat,475,4,339,71.36842105263158,34.0,0.21639159471336658,16,99,hybrid,200,0.05,10,10,1.0,0.5,16,separate
MSC,718,9,537,74.79108635097494,20.11111111111111,0.2699742298519258,16,99,hybrid,200,0.05,10,10,1.0,0.5,16,separate
PEC,11258,21,8739,77.62480014212116,119.95238095238095,0.2666140995564881,16,99,hybrid,200,0.05,10,10,1.0,0.5,16,separate
FoCus,495,8,320,64.64646464646465,21.875,0.31301734200207765,16,99,hybrid,200,0.05,10,10,1.0,0.5,16,separate
MPChat,1462,15,1136,77.70177838577291,21.733333333333334,0.33944775956987167,16,99,hybrid,200,0.05,10,10,1.0,0.5,16,separate
PER-CHAT,8359,20,7338,87.78562028950832,51.05,0.26066383630087664,16,99,hybrid,200,0.05,10,10,1.0,0.5,16,separate
PersonaChat,786,19,301,38.295165394402034,25.526315789473685,0.4868732705698425,16,100,tfidf,500,0.02,10,7,0.7,,16,separate
SyntheticPersonaChat,864,17,433,50.11574074074075,25.352941176470587,0.6962409585755267,16,100,tfidf,500,0.02,10,7,0.7,,16,separate
MSC,1455,27,769,52.85223367697595,25.40740740740741,0.5431659548054674,16,100,tfidf,500,0.02,10,7,0.7,,16,separate
PEC,24320,242,15644,64.32565789473685,35.85123966942149,0.52637699669202,16,100,tfidf,500,0.02,10,7,0.7,,16,separate
FoCus,950,24,298,31.36842105263158,27.166666666666668,0.6789464748035489,16,100,tfidf,500,0.02,10,7,0.7,,16,separate
MPChat,3015,35,1646,54.59369817578773,39.114285714285714,0.41577953622103586,16,100,tfidf,500,0.02,10,7,0.7,,16,separate
PER-CHAT,19148,133,9838,51.37873407144349,70.0,0.41017334651311077,16,100,tfidf,500,0.02,10,7,0.7,,16,separate
